Workbook

Sheet QCO
A1: QCOSOURCE | B1: RANKING | C1: STYLENAME | D1: BUYERSTYLECODE | E1: BUYERSTYLENAME | F1: STYLECOLORWAYS | G1: QCOFACTORY | H1: QCOYEAR | I1: QCOWEEKNO | J1: QCORANK | K1: CUSTOMRANKING | L1: PRECUSTOMRANK | M1: FACTORY | N1: LINENO | O1: AONO | P1: ADTYPENAME | Q1: BUYER | R1: STYLECODE | S1: STYLESIZE | T1: STYLECOLORSERIAL | U1: REVNO | V1: PRDPKG | W1: MES_SCHEDULING_STATUS | X1: PACKAGEGROUP | Y1: CONFIRMDATE_FACTORY | Z1: CREATEDATE | AA1: NORMALIZEDPERCENT | AB1: QCOSTARTDATE | AC1: CHANGEQCORANK | AD1: REASON | AE1: PRDWEEK | AF1: PREVIOUSCHANGEBY | AG1: PREVIOUSCHANGEQCORANK | AH1: PREVIOUSREASON | AI1: PLANQTY | AJ1: DELIVERYDATE | AK1: PRDSDAT | AL1: PRDEDAT | AM1: ORDQTY | AN1: QCORANKINGNEW | AO1: LATESTQCOTIME | AP1: AOPRDSDAT | AQ1: AOPRDEDAT | AR1: AODELIVERYDATE | AS1: AOPLANQTY | AT1: CHANGEFACTORY | AU1: CHANGEQCORANKSHOW | AV1: QCOVERSION | AW1: MYROWSEQ
A2: QCO | B2: 1 | C2: TIRO TROLLEY XL | D2: S2615GHTT010BA | E2: TIRO TROLLEY XL | F2: JY7982_BLACK/WHITE_FW26 | G2: P3A1 | H2: 2026 | I2: W06 | J2: 423 | K2: 1 | L2: 1454 | M2: P3A1 | N2: LINE10 | O2: AD-ADI-B087 | P2: Main Order | R2: ADIA910 | S2: RGL | T2: 002 | U2: 002 | V2: P_ADI-B087_1_ADIA910RGL002002_03 | W2: Not Scheduled | Y2: 2025/11/15 | Z2: 2026/01/31 | AA2: 90.1 | AE2: 2026-10 | AF2: 22190864 | AG2: 1 | AH2: Week 10 | AI2: 320 | AJ2: 2026/03/07 | AK2: 20260313 | AL2: 20260314 | AM2: 718 | AN2: 3058 | AO2: 46053.81 | AP2: 46094 | AQ2: 46095 | AR2: 2026/03/07 | AS2: 320 | AT2: P3A1 | AU2: 1 | AV2: e519a11ebf634ab69b0a4744a60039a5 | AW2: 1
A3: QCO | B3: 2 | C3: TIRO TROLLEY XL | D3: S2615GHTT010BA | E3: TIRO TROLLEY XL | F3: JY7982_BLACK/WHITE_FW26 | G3: P3A1 | H3: 2026 | I3: W06 | J3: 427 | K3: 2 | L3: 1456 | M3: P3A1 | N3: LINE10 | O3: AD-ADI-B087 | P3: Main Order | R3: ADIA910 | S3: RGL | T3: 002 | U3: 002 | V3: P_ADI-B087_1_ADIA910RGL002002_02 | W3: Not Scheduled | Y3: 2025/11/15 | Z3: 2026/01/31 | AA3: 25.41 | AE3: 2026-10 | AF3: 22190864 | AG3: 2 | AH3: Week 10 | AI3: 383 | AJ3: 2026/03/07 | AK3: 20260311 | AL3: 20260312 | AM3: 718 | AN3: 3062 | AO3: 46053.81 | AP3: 46092 | AQ3: 46093 | AR3: 2026/03/07 | AS3: 383 | AT3: P3A1 | AU3: 2 | AV3: e519a11ebf634ab69b0a4744a60039a5 | AW3: 2
A4: QCO | B4: 3 | C4: TIRO TROLLEY XL | D4: S2615GHTT010BA | E4: TIRO TROLLEY XL | F4: JY7982_BLACK/WHITE_SS27 | G4: P3A1 | H4: 2026 | I4: W06 | J4: 647 | K4: 3 | L4: 1598 | M4: P3A1 | N4: LINE17 | O4: AD-ADI-B179 | P4: Sample Order | R4: ADIA910 | S4: RGL | T4: 003 | U4: 001 | V4: P_ADI-B179_1_ADIA910RGL003001_01 | W4: Not Scheduled | Y4: 2026/01/08 | Z4: 2026/01/31 | AA4: 0 | AE4: 2026-10 | AF4: 22190864 | AG4: 3 | AH4: Week 10 | AI4: 6 | AJ4: 2026/03/12 | AK4: 20260206 | AL4: 20260206 | AM4: 6 | AN4: 3282 | AO4: 46053.813 | AP4: 46059 | AQ4: 46059 | AR4: 2026/03/12 | AS4: 6 | AT4: P3A1 | AU4: 3 | AV4: e519a11ebf634ab69b0a4744a60039a5 | AW4: 3
A5: QCO | B5: 4 | C5: TIRO TROLLEY XL | D5: S2615GHTT010BA | E5: TIRO TROLLEY XL | F5: JY7982_BLACK/WHITE_FW26 | G5: P3A1 | H5: 2026 | I5: W06 | J5: 698 | K5: 4 | L5: 1690 | M5: P3A1 | N5: LINE10 | O5: AD-ADI-B142 | P5: Main Order | R5: ADIA910 | S5: RGL | T5: 002 | U5: 002 | V5: P_ADI-B142_1_ADIA910RGL002002_01 | W5: Not Scheduled | Y5: 2025/12/15 | Z5: 2026/01/31 | AA5: 22.81 | AE5: 2026-10 | AF5: 22190864 | AG5: 4 | AH5: Week 10 | AI5: 482 | AJ5: 2026/03/15 | AK5: 20260310 | AL5: 20260311 | AM5: 482 | AN5: 3333 | AO5: 46053.814 | AP5: 46091 | AQ5: 46092 | AR5: 2026/03/15 | AS5: 482 | AT5: P3A1 | AU5: 4 | AV5: e519a11ebf634ab69b0a4744a60039a5 | AW5: 4
A6: QCO | B6: 5 | C6: TIRO TROLLEY XL | D6: S2615GHTT010BA | E6: TIRO TROLLEY XL | F6: JY7982_BLACK/WHITE_FW26 | G6: P3A1 | H6: 2026 | I6: W06 | J6: 707 | K6: 5 | L6: 1706 | M6: P3A1 | N6: LINE17 | O6: AD-ADI-B195 | P6: Sample Order | R6: ADIA910 | S6: RGL | T6: 002 | U6: 002 | V6: P_ADI-B195_1_ADIA910RGL002002_01 | W6: Not Scheduled | Y6: 2026/01/10 | Z6: 2026/01/31 | AA6: 1.7 | AE6: 2026-10 | AF6: 22190864 | AG6: 5 | AH6: Week 10 | AI6: 1 | AJ6: 2026/03/21 | AK6: 20260302 | AL6: 20260302 | AM6: 1 | AN6: 3342 | AO6: 46053.814 | AP6: 46083 | AQ6: 46083 | AR6: 2026/03/21 | AS6: 1 | AT6: P3A1 | AU6: 5 | AV6: e519a11ebf634ab69b0a4744a60039a5 | AW6: 5
A7: QCO | B7: 6 | C7: TIRO TROLLEY XL | D7: S2615GHTT010BA | E7: TIRO TROLLEY XL | F7: JY7982_BLACK/WHITE_FW26 | G7: P3A1 | H7: 2026 | I7: W06 | J7: 708 | K7: 6 | L7: 1705 | M7: P3A1 | N7: LINE10 | O7: AD-ADI-B192 | P7: Main Order | R7: ADIA910 | S7: RGL | T7: 002 | U7: 002 | V7: P_ADI-B192_1_ADIA910RGL002002_01 | W7: Not Scheduled | Y7: 2026/01/10 | Z7: 2026/01/31 | AA7: 0 | AE7: 2026-10 | AF7: 22190864 | AG7: 6 | AH7: Week 10 | AI7: 2 | AJ7: 2026/03/21 | AK7: 20260313 | AL7: 20260313 | AM7: 2 | AN7: 3343 | AO7: 46053.814 | AP7: 46094 | AQ7: 46094 | AR7: 2026/03/21 | AS7: 2 | AT7: P3A1 | AU7: 6 | AV7: e519a11ebf634ab69b0a4744a60039a5 | AW7: 6
A8: QCO | B8: 7 | C8: TIRO TROLLEY XL | D8: S2615GHTT010BA | E8: TIRO TROLLEY XL | F8: JY7982_BLACK/WHITE_FW26 | G8: P3A1 | H8: 2026 | I8: W06 | J8: 753 | K8: 7 | L8: 1735 | M8: P3A1 | N8: LINE10 | O8: AD-ADI-B154 | P8: Main Order | R8: ADIA910 | S8: RGL | T8: 002 | U8: 002 | V8: P_ADI-B154_1_ADIA910RGL002002_02 | W8: Not Scheduled | Y8: 2025/12/20 | Z8: 2026/01/31 | AA8: 15.75 | AE8: 2026-10 | AF8: 22190864 | AG8: 7 | AH8: Week 10 | AI8: 596 | AJ8: 2026/03/31 | AK8: 20260317 | AL8: 20260319 | AM8: 1096 | AN8: 3388 | AO8: 46053.814 | AP8: 46098 | AQ8: 46100 | AR8: 2026/03/31 | AS8: 596 | AT8: P3A1 | AU8: 7 | AV8: e519a11ebf634ab69b0a4744a60039a5 | AW8: 7
A9: QCO | B9: 8 | C9: TIRO TROLLEY XL | D9: S2615GHTT010BA | E9: TIRO TROLLEY XL | F9: JY7982_BLACK/WHITE_FW26 | G9: P3A1 | H9: 2026 | I9: W06 | J9: 754 | K9: 8 | L9: 1736 | M9: P3A1 | N9: LINE10 | O9: AD-ADI-B154 | P9: Main Order | R9: ADIA910 | S9: RGL | T9: 002 | U9: 002 | V9: P_ADI-B154_1_ADIA910RGL002002_01 | W9: Not Scheduled | Y9: 2025/12/20 | Z9: 2026/01/31 | AA9: 15.75 | AE9: 2026-10 | AF9: 22190864 | AG9: 8 | AH9: Week 10 | AI9: 500 | AJ9: 2026/03/31 | AK9: 20260319 | AL9: 20260320 | AM9: 1096 | AN9: 3389 | AO9: 46053.814 | AP9: 46100 | AQ9: 46101 | AR9: 2026/03/31 | AS9: 500 | AT9: P3A1 | AU9: 8 | AV9: e519a11ebf634ab69b0a4744a60039a5 | AW9: 8
A10: QCO | B10: 9 | C10: TIRO TROLLEY XL | D10: S2615GHTT010BA | E10: TIRO TROLLEY XL | F10: JY7982_BLACK/WHITE_FW26 | G10: P3A1 | H10: 2026 | I10: W06 | J10: 791 | K10: 9 | L10: 1764 | M10: P3A1 | N10: LINE10 | O10: AD-ADI-B143 | P10: Main Order | R10: ADIA910 | S10: RGL | T10: 002 | U10: 002 | V10: P_ADI-B143_1_ADIA910RGL002002_01 | W10: Not Scheduled | Y10: 2025/12/15 | Z10: 2026/01/31 | AA10: 21.63 | AE10: 2026-10 | AF10: 22190864 | AG10: 9 | AH10: Week 10 | AI10: 196 | AJ10: 2026/04/07 | AK10: 20260314 | AL10: 20260314 | AM10: 196 | AN10: 3426 | AO10: 46053.815 | AP10: 46095 | AQ10: 46095 | AR10: 2026/04/07 | AS10: 196 | AT10: P3A1 | AU10: 9 | AV10: e519a11ebf634ab69b0a4744a60039a5 | AW10: 9
A11: QCO | B11: 10 | C11: TIRO TROLLEY XL | D11: S2615GHTT010BA | E11: TIRO TROLLEY XL | F11: JY7982_BLACK/WHITE_FW26 | G11: P3A1 | H11: 2026 | I11: W06 | J11: 857 | K11: 10 | L11: 1813 | M11: P3A1 | N11: LINE10 | O11: AD-ADI-B193 | P11: Main Order | R11: ADIA910 | S11: RGL | T11: 002 | U11: 002 | V11: P_ADI-B193_1_ADIA910RGL002002_01 | W11: Not Scheduled | Y11: 2026/01/10 | Z11: 2026/01/31 | AA11: 0.04 | AE11: 2026-10 | AF11: 22190864 | AG11: 10 | AH11: Week 10 | AI11: 803 | AJ11: 2026/04/15 | AK11: 20260402 | AL11: 20260406 | AM11: 803 | AN11: 3492 | AO11: 46053.816 | AP11: 46114 | AQ11: 46118 | AR11: 2026/04/15 | AS11: 803 | AT11: P3A1 | AU11: 10 | AV11: e519a11ebf634ab69b0a4744a60039a5 | AW11: 10
A12: QCO | B12: 11 | C12: TIRO TROLLEY XL | D12: S2615GHTT010BA | E12: TIRO TROLLEY XL | F12: JY7982_BLACK/WHITE_FW26 | G12: P3A1 | H12: 2026 | I12: W06 | J12: 1069 | K12: 11 | L12: 1981 | M12: P3A1 | N12: 3 | O12: AD-ADI-B208 | P12: Main Order | R12: ADIA910 | S12: RGL | T12: 002 | U12: 002 | V12: P_ADI-B208_1_ADIA910RGL002002_01 | W12: Not Scheduled | Y12: 2026/01/24 | Z12: 2026/01/31 | AA12: 0 | AE12: 2026-10 | AF12: 22190864 | AG12: 11 | AH12: Week 10 | AI12: 77 | AJ12: 2026/04/30 | AK12: 20260302 | AL12: 20260303 | AM12: 77 | AN12: 3704 | AO12: 46053.818 | AP12: 46083 | AQ12: 46084 | AR12: 2026/04/30 | AS12: 77 | AT12: P3A1 | AU12: 11 | AV12: e519a11ebf634ab69b0a4744a60039a5 | AW12: 11
A13: QCO | B13: 12 | C13: TIRO TROLLEY XL | D13: S2615GHTT010BA | E13: TIRO TROLLEY XL | F13: JY7982_BLACK/WHITE_FW26 | G13: P3A1 | H13: 2026 | I13: W06 | J13: 1084 | K13: 12 | L13: 1991 | M13: P3A1 | N13: LINE10 | O13: AD-ADI-B143 | P13: Main Order | R13: ADIA910 | S13: RGL | T13: 002 | U13: 002 | V13: P_ADI-B143_2_ADIA910RGL002002_01 | W13: Not Scheduled | Y13: 2025/12/15 | Z13: 2026/01/31 | AA13: 21.64 | AE13: 2026-10 | AF13: 22190864 | AG13: 12 | AH13: Week 10 | AI13: 630 | AJ13: 2026/05/07 | AK13: 20260406 | AL13: 20260407 | AM13: 630 | AN13: 3719 | AO13: 46053.818 | AP13: 46118 | AQ13: 46119 | AR13: 2026/05/07 | AS13: 630 | AT13: P3A1 | AU13: 12 | AV13: e519a11ebf634ab69b0a4744a60039a5 | AW13: 12
A14: QCO | B14: 13 | C14: TIRO TROLLEY XL | D14: S2615GHTT010BA | E14: TIRO TROLLEY XL | F14: JY7982_BLACK/WHITE_FW26 | G14: P3A1 | H14: 2026 | I14: W06 | J14: 1334 | K14: 13 | L14: 2182 | M14: P3A1 | N14: LINE19 | O14: AD-ADI-B155 | P14: Main Order | R14: ADIA910 | S14: RGL | T14: 002 | U14: 002 | V14: P_ADI-B155_1_ADIA910RGL002002_01 | W14: Not Scheduled | Y14: 2025/12/20 | Z14: 2026/01/31 | AA14: 2.47 | AE14: 2026-10 | AF14: 22190864 | AG14: 13 | AH14: Week 10 | AI14: 153 | AJ14: 2026/06/30 | AK14: 20260506 | AL14: 20260506 | AM14: 153 | AN14: 3969 | AO14: 46053.821 | AP14: 46148 | AQ14: 46148 | AR14: 2026/06/30 | AS14: 153 | AT14: P3A1 | AU14: 13 | AV14: e519a11ebf634ab69b0a4744a60039a5 | AW14: 13
A15: QCO | B15: 14 | C15: TRX TRL VST 10L | D15: S2615BA1307U-M | E15: TRX TRL VST 10L | F15: JY7573-WONDER ALUMINA S25-FW26 | G15: P3A1 | H15: 2026 | I15: W06 | J15: 10 | K15: 14 | L15: 297 | M15: P3A1 | N15: LINE09 | O15: AD-ADI-B051 | P15: Main Order | R15: ADIB295 | S15: RGL | T15: 001 | U15: 003 | V15: P_ADI-B051_1_ADIB295RGL001003_01 | W15: Fully Scheduled | X15: P3A1-2511-000000283 | Y15: 2025/11/05 | Z15: 2026/01/31 | AA15: 96.67 | AE15: 2026-10 | AF15: 22190864 | AG15: 14 | AH15: Week 10 | AI15: 303 | AJ15: 2026/02/15 | AK15: 20260206 | AL15: 20260207 | AM15: 303 | AN15: 2645 | AO15: 46053.773 | AP15: 46059 | AQ15: 46060 | AR15: 2026/02/15 | AS15: 303 | AT15: P3A1 | AU15: 14 | AV15: e519a11ebf634ab69b0a4744a60039a5 | AW15: 14
A16: QCO | B16: 15 | C16: TRX TRL VST 10L | D16: S2615BA1307U-S | E16: TRX TRL VST 10L | F16: JY7573-WONDER ALUMINA S25-FW26 | G16: P3A1 | H16: 2026 | I16: W06 | J16: 11 | K16: 15 | L16: 347 | M16: P3A1 | N16: LINE09 | O16: AD-ADI-B051 | P16: Main Order | R16: ADIB294 | S16: RGL | T16: 001 | U16: 001 | V16: P_ADI-B051_1_ADIB294RGL001001_01 | W16: Fully Scheduled | X16: P3A1-2511-000000285 | Y16: 2025/11/05 | Z16: 2026/01/31 | AA16: 96.67 | AE16: 2026-10 | AF16: 22190864 | AG16: 15 | AH16: Week 10 | AI16: 259 | AJ16: 2026/02/15 | AK16: 20260207 | AL16: 20260207 | AM16: 259 | AN16: 2646 | AO16: 46053.773 | AP16: 46060 | AQ16: 46060 | AR16: 2026/02/15 | AS16: 259 | AT16: P3A1 | AU16: 15 | AV16: e519a11ebf634ab69b0a4744a60039a5 | AW16: 15
A17: QCO | B17: 16 | C17: TRX TRL VST 5L | D17: S2615BA1306U-M | E17: TRX TRL VST 5L | F17: JY7572-TRACE BROWN S17-FW26 | G17: P3A1 | H17: 2026 | I17: W06 | J17: 153 | K17: 16 | L17: 161 | M17: P3A1 | N17: LINE09 | O17: AD-ADI-B117 | P17: Main Order | R17: ADIB291 | S17: RGL | T17: 001 | U17: 002 | V17: P_ADI-B117_1_ADIB291RGL001002_01 | W17: Fully Scheduled | X17: P3A1-2512-000000167 | Y17: 2025/12/01 | Z17: 2026/01/31 | AA17: 94.76 | AE17: 2026-10 | AF17: 22190864 | AG17: 16 | AH17: Week 10 | AI17: 70 | AJ17: 2026/02/28 | AK17: 20260224 | AL17: 20260224 | AM17: 70 | AN17: 2788 | AO17: 46053.775 | AP17: 46077 | AQ17: 46077 | AR17: 2026/02/28 | AS17: 70 | AT17: P3A1 | AU17: 16 | AV17: e519a11ebf634ab69b0a4744a60039a5 | AW17: 16
A18: QCO | B18: 17 | C18: TRX TRL VST 5L | D18: S2615BA1306U-M | E18: TRX TRL VST 5L | F18: KC5015-WONDER ALUMINA S25-FW26 | G18: P3A1 | H18: 2026 | I18: W06 | J18: 168 | K18: 17 | L18: 162 | M18: P3A1 | N18: LINE09 | O18: AD-ADI-B117 | P18: Main Order | R18: ADIB291 | S18: RGL | T18: 002 | U18: 002 | V18: P_ADI-B117_1_ADIB291RGL002002_01 | W18: Fully Scheduled | X18: P3A1-2512-000000178 | Y18: 2025/12/01 | Z18: 2026/01/31 | AA18: 95.1 | AE18: 2026-10 | AF18: 22190864 | AG18: 17 | AH18: Week 10 | AI18: 66 | AJ18: 2026/02/28 | AK18: 20260225 | AL18: 20260225 | AM18: 66 | AN18: 2803 | AO18: 46053.775 | AP18: 46078 | AQ18: 46078 | AR18: 2026/02/28 | AS18: 66 | AT18: P3A1 | AU18: 17 | AV18: e519a11ebf634ab69b0a4744a60039a5 | AW18: 17
A19: QCO | B19: 18 | C19: TRX TRL VST 5L | D19: S2615BA1306U-M | E19: TRX TRL VST 5L | F19: KC5015-WONDER ALUMINA S25-FW26 | G19: P3A1 | H19: 2026 | I19: W06 | J19: 180 | K19: 18 | L19: 164 | M19: P3A1 | N19: LINE09 | O19: AD-ADI-B118 | P19: Main Order | R19: ADIB291 | S19: RGL | T19: 002 | U19: 002 | V19: P_ADI-B118_1_ADIB291RGL002002_02 | W19: Fully Scheduled | X19: P3A1-2512-000000169 | Y19: 2025/12/01 | Z19: 2026/01/31 | AA19: 94.61 | AE19: 2026-10 | AF19: 22190864 | AG19: 18 | AH19: Week 10 | AI19: 180 | AJ19: 2026/03/15 | AK19: 20260225 | AL19: 20260225 | AM19: 508 | AN19: 2815 | AO19: 46053.776 | AP19: 46078 | AQ19: 46078 | AR19: 2026/03/15 | AS19: 180 | AT19: P3A1 | AU19: 18 | AV19: e519a11ebf634ab69b0a4744a60039a5 | AW19: 18
A20: QCO | B20: 19 | C20: TRX TRL VST 10L | D20: S2615BA1307U-M | E20: TRX TRL VST 10L | F20: JY7573-WONDER ALUMINA S25-FW26 | G20: P3A1 | H20: 2026 | I20: W06 | J20: 186 | K20: 19 | L20: 298 | M20: P3A1 | N20: LINE09 | O20: AD-ADI-B054 | P20: Sample Order | R20: ADIB295 | S20: RGL | T20: 001 | U20: 003 | V20: P_ADI-B054_1_ADIB295RGL001003_01 | W20: Fully Scheduled | X20: P3A1-2601-000000100 | Y20: 2025/11/05 | Z20: 2026/01/31 | AA20: 7.4 | AE20: 2026-10 | AF20: 22190864 | AG20: 19 | AH20: Week 10 | AI20: 1 | AJ20: 2026/02/15 | AK20: 20260207 | AL20: 20260207 | AM20: 1 | AN20: 2821 | AO20: 46053.776 | AP20: 46060 | AQ20: 46060 | AR20: 2026/02/15 | AS20: 1 | AT20: P3A1 | AU20: 19 | AV20: e519a11ebf634ab69b0a4744a60039a5 | AW20: 19
A21: QCO | B21: 20 | C21: TRX TRL VST 10L | D21: S2615BA1307U-M | E21: TRX TRL VST 10L | F21: JY7573-WONDER ALUMINA S25-FW26 | G21: P3A1 | H21: 2026 | I21: W06 | J21: 189 | K21: 20 | L21: 299 | M21: P3A1 | N21: LINE09 | O21: AD-ADI-B117 | P21: Main Order | R21: ADIB295 | S21: RGL | T21: 001 | U21: 004 | V21: P_ADI-B117_1_ADIB295RGL001004_01 | W21: Fully Scheduled | X21: P3A1-2601-000000101 | Y21: 2025/12/01 | Z21: 2026/01/31 | AA21: 95.56 | AE21: 2026-10 | AF21: 22190864 | AG21: 20 | AH21: Week 10 | AI21: 8 | AJ21: 2026/02/28 | AK21: 20260207 | AL21: 20260207 | AM21: 8 | AN21: 2824 | AO21: 46053.776 | AP21: 46060 | AQ21: 46060 | AR21: 2026/02/28 | AS21: 8 | AT21: P3A1 | AU21: 20 | AV21: e519a11ebf634ab69b0a4744a60039a5 | AW21: 20
A22: QCO | B22: 21 | C22: TRX TRL VST 10L | D22: S2615BA1307U-L | E22: TRX TRL VST 10L | F22: JY7573-WONDER ALUMINA S25-FW26 | G22: P3A1 | H22: 2026 | I22: W06 | J22: 190 | K22: 21 | L22: 389 | M22: P3A1 | N22: LINE09 | O22: AD-ADI-B117 | P22: Main Order | R22: ADIB296 | S22: RGL | T22: 001 | U22: 003 | V22: P_ADI-B117_1_ADIB296RGL001003_01 | W22: Fully Scheduled | X22: P3A1-2601-000000103 | Y22: 2025/12/01 | Z22: 2026/01/31 | AA22: 95.49 | AE22: 2026-10 | AF22: 22190864 | AG22: 21 | AH22: Week 10 | AI22: 3 | AJ22: 2026/02/28 | AK22: 20260209 | AL22: 20260209 | AM22: 3 | AN22: 2825 | AO22: 46053.776 | AP22: 46062 | AQ22: 46062 | AR22: 2026/02/28 | AS22: 3 | AT22: P3A1 | AU22: 21 | AV22: e519a11ebf634ab69b0a4744a60039a5 | AW22: 21
A23: QCO | B23: 22 | C23: TRX TRL VST 10L | D23: S2615BA1307U-S | E23: TRX TRL VST 10L | F23: JY7573-WONDER ALUMINA S25-FW26 | G23: P3A1 | H23: 2026 | I23: W06 | J23: 191 | K23: 22 | L23: 348 | M23: P3A1 | N23: LINE09 | O23: AD-ADI-B117 | P23: Main Order | R23: ADIB294 | S23: RGL | T23: 001 | U23: 001 | V23: P_ADI-B117_1_ADIB294RGL001001_01 | W23: Fully Scheduled | X23: P3A1-2601-000000098 | Y23: 2025/12/01 | Z23: 2026/01/31 | AA23: 95.22 | AE23: 2026-10 | AF23: 22190864 | AG23: 22 | AH23: Week 10 | AI23: 6 | AJ23: 2026/02/28 | AK23: 20260207 | AL23: 20260207 | AM23: 6 | AN23: 2826 | AO23: 46053.776 | AP23: 46060 | AQ23: 46060 | AR23: 2026/02/28 | AS23: 6 | AT23: P3A1 | AU23: 22 | AV23: e519a11ebf634ab69b0a4744a60039a5 | AW23: 22
A24: QCO | B24: 23 | C24: TRX TRL VST 10L | D24: S2615BA1307U-S | E24: TRX TRL VST 10L | F24: JY7573-WONDER ALUMINA S25-FW26 | G24: P3A1 | H24: 2026 | I24: W06 | J24: 210 | K24: 23 | L24: 349 | M24: P3A1 | N24: LINE09 | O24: AD-ADI-B118 | P24: Main Order | R24: ADIB294 | S24: RGL | T24: 001 | U24: 001 | V24: P_ADI-B118_1_ADIB294RGL001001_01 | W24: Fully Scheduled | X24: P3A1-2601-000000099 | Y24: 2025/12/01 | Z24: 2026/01/31 | AA24: 95.18 | AE24: 2026-10 | AF24: 22190864 | AG24: 23 | AH24: Week 10 | AI24: 141 | AJ24: 2026/03/15 | AK24: 20260207 | AL24: 20260207 | AM24: 141 | AN24: 2845 | AO24: 46053.776 | AP24: 46060 | AQ24: 46060 | AR24: 2026/03/15 | AS24: 141 | AT24: P3A1 | AU24: 23 | AV24: e519a11ebf634ab69b0a4744a60039a5 | AW24: 23
A25: QCO | B25: 24 | C25: TRX TRL VST 10L | D25: S2615BA1307U-L | E25: TRX TRL VST 10L | F25: JY7573-WONDER ALUMINA S25-FW26 | G25: P3A1 | H25: 2026 | I25: W06 | J25: 211 | K25: 24 | L25: 390 | M25: P3A1 | N25: LINE09 | O25: AD-ADI-B118 | P25: Main Order | R25: ADIB296 | S25: RGL | T25: 001 | U25: 003 | V25: P_ADI-B118_1_ADIB296RGL001003_01 | W25: Fully Scheduled | X25: P3A1-2601-000000102 | Y25: 2025/12/01 | Z25: 2026/01/31 | AA25: 95.13 | AE25: 2026-10 | AF25: 22190864 | AG25: 24 | AH25: Week 10 | AI25: 73 | AJ25: 2026/03/15 | AK25: 20260209 | AL25: 20260209 | AM25: 73 | AN25: 2846 | AO25: 46053.776 | AP25: 46062 | AQ25: 46062 | AR25: 2026/03/15 | AS25: 73 | AT25: P3A1 | AU25: 24 | AV25: e519a11ebf634ab69b0a4744a60039a5 | AW25: 24
A26: QCO | B26: 25 | C26: TRX TRL VST 10L | D26: S2615BA1307U-M | E26: TRX TRL VST 10L | F26: JY7573-WONDER ALUMINA S25-FW26 | G26: P3A1 | H26: 2026 | I26: W06 | J26: 213 | K26: 25 | L26: 300 | M26: P3A1 | N26: LINE09 | O26: AD-ADI-B118 | P26: Main Order | R26: ADIB295 | S26: RGL | T26: 001 | U26: 004 | V26: P_ADI-B118_1_ADIB295RGL001004_01 | W26: Fully Scheduled | X26: P3A1-2601-000000097 | Y26: 2025/12/01 | Z26: 2026/01/31 | AA26: 94.93 | AE26: 2026-10 | AF26: 22190864 | AG26: 25 | AH26: Week 10 | AI26: 181 | AJ26: 2026/03/15 | AK26: 20260207 | AL26: 20260207 | AM26: 181 | AN26: 2848 | AO26: 46053.776 | AP26: 46060 | AQ26: 46060 | AR26: 2026/03/15 | AS26: 181 | AT26: P3A1 | AU26: 25 | AV26: e519a11ebf634ab69b0a4744a60039a5 | AW26: 25
... A28: QCO | B28: 27 | C28: TRX TRL VST 5L | D28: S2615BA1306U-M | E28: TRX TRL VST 5L | F28: KC5015-WONDER ALUMINA S25-FW26 | G28: P3A1 | H28: 2026 | I28: W06 | J28: 226 | K28: 27 | L28: 167 | M28: P3A1 | N28: LINE09 | O28: AD-ADI-B118 | P28: Main Order | R28: ADIB291 | S28: RGL | T28: 002 | U28: 002 | V28: P_ADI-B118_2_ADIB291RGL002002_01 | W28: Fully Scheduled | X28: P3A1-2512-000000175 | Y28: 2025/12/01 | Z28: 2026/01/31 | AA28: 94.56 | AE28: 2026-10 | AF28: 22190864 | AG28: 27 | AH28: Week 10 | AI28: 68 | AJ28: 2026/04/15 | AK28: 20260225 | AL28: 20260225 | AM28: 68 | AN28: 2861 | AO28: 46053.776 | AP28: 46078 | AQ28: 46078 | AR28: 2026/04/15 | AS28: 68 | AT28: P3A1 | AU28: 27 | AV28: e519a11ebf634ab69b0a4744a60039a5 | AW28: 27
A29: QCO | B29: 28 | C29: TRX TRL VST 10L | D29: S2615BA1307U-M | E29: TRX TRL VST 10L | F29: JY7573-WONDER ALUMINA S25-FW26 | G29: P3A1 | H29: 2026 | I29: W06 | J29: 722 | K29: 28 | L29: 301 | M29: P3A1 | N29: LINE09 | O29: AD-ADI-B142 | P29: Main Order | R29: ADIB295 | S29: RGL | T29: 001 | U29: 004 | V29: P_ADI-B142_1_ADIB295RGL001004_01 | W29: Not Scheduled | Y29: 2025/12/15 | Z29: 2026/01/31 | AA29: 88.99 | AE29: 2026-10 | AF29: 22190864 | AG29: 28 | AH29: Week 10 | AI29: 71 | AJ29: 2026/03/31 | AK29: 20260313 | AL29: 20260313 | AM29: 71 | AN29: 3357 | AO29: 46053.814 | AP29: 46094 | AQ29: 46094 | AR29: 2026/03/31 | AS29: 71 | AT29: P3A1 | AU29: 28 | AV29: e519a11ebf634ab69b0a4744a60039a5 | AW29: 28
A30: QCO | B30: 29 | C30: TRX TRL VST 10L | D30: S2615BA1307U-S | E30: TRX TRL VST 10L | F30: JY7573-WONDER ALUMINA S25-FW26 | G30: P3A1 | H30: 2026 | I30: W06 | J30: 725 | K30: 29 | L30: 350 | M30: P3A1 | N30: LINE09 | O30: AD-ADI-B142 | P30: Main Order | R30: ADIB294 | S30: RGL | T30: 001 | U30: 001 | V30: P_ADI-B142_1_ADIB294RGL001001_01 | W30: Not Scheduled | Y30: 2025/12/15 | Z30: 2026/01/31 | AA30: 88.33 | AE30: 2026-10 | AF30: 22190864 | AG30: 29 | AH30: Week 10 | AI30: 10 | AJ30: 2026/03/31 | AK30: 20260313 | AL30: 20260313 | AM30: 10 | AN30: 3360 | AO30: 46053.814 | AP30: 46094 | AQ30: 46094 | AR30: 2026/03/31 | AS30: 10 | AT30: P3A1 | AU30: 29 | AV30: e519a11ebf634ab69b0a4744a60039a5 | AW30: 29
A31: QCO | B31: 30 | C31: TRX TRL VST 5L | D31: S2615BA1306U-M | E31: TRX TRL VST 5L | F31: KC5015-WONDER ALUMINA S25-FW26 | G31: P3A1 | H31: 2026 | I31: W06 | J31: 729 | K31: 30 | L31: 168 | M31: P3A1 | N31: LINE09 | O31: AD-ADI-B142 | P31: Main Order | R31: ADIB291 | S31: RGL | T31: 002 | U31: 002 | V31: P_ADI-B142_1_ADIB291RGL002002_01 | W31: Not Scheduled | Y31: 2025/12/15 | Z31: 2026/01/31 | AA31: 87.13 | AE31: 2026-10 | AF31: 22190864 | AG31: 30 | AH31: Week 10 | AI31: 264 | AJ31: 2026/03/31 | AK31: 20260313 | AL31: 20260314 | AM31: 264 | AN31: 3364 | AO31: 46053.814 | AP31: 46094 | AQ31: 46095 | AR31: 2026/03/31 | AS31: 264 | AT31: P3A1 | AU31: 30 | AV31: e519a11ebf634ab69b0a4744a60039a5 | AW31: 30
A32: QCO | B32: 31 | C32: TRX TRL VST 10L | D32: S2615BA1307U-L | E32: TRX TRL VST 10L | F32: JY7573-WONDER ALUMINA S25-FW26 | G32: P3A1 | H32: 2026 | I32: W06 | J32: 749 | K32: 31 | L32: 391 | M32: P3A1 | N32: LINE09 | O32: AD-ADI-B142 | P32: Main Order | R32: ADIB296 | S32: RGL | T32: 001 | U32: 003 | V32: P_ADI-B142_1_ADIB296RGL001003_01 | W32: Not Scheduled | Y32: 2025/12/15 | Z32: 2026/01/31 | AA32: 28.15 | AE32: 2026-10 | AF32: 22190864 | AG32: 31 | AH32: Week 10 | AI32: 56 | AJ32: 2026/03/31 | AK32: 20260313 | AL32: 20260313 | AM32: 56 | AN32: 3384 | AO32: 46053.814 | AP32: 46094 | AQ32: 46094 | AR32: 2026/03/31 | AS32: 56 | AT32: P3A1 | AU32: 31 | AV32: e519a11ebf634ab69b0a4744a60039a5 | AW32: 31
A33: QCO | B33: 32 | C33: TRX TRL VST 5L | D33: S2615BA1306U-M | E33: TRX TRL VST 5L | F33: KC5015-WONDER ALUMINA S25-FW26 | G33: P3A1 | H33: 2026 | I33: W06 | J33: 822 | K33: 32 | L33: 171 | M33: P3A1 | N33: LINE09 | O33: AD-ADI-B143 | P33: Main Order | R33: ADIB291 | S33: RGL | T33: 002 | U33: 002 | V33: P_ADI-B143_1_ADIB291RGL002002_01 | W33: Not Scheduled | Y33: 2025/12/15 | Z33: 2026/01/31 | AA33: 23.04 | AE33: 2026-10 | AF33: 22190864 | AG33: 32 | AH33: Week 10 | AI33: 43 | AJ33: 2026/04/15 | AK33: 20260314 | AL33: 20260314 | AM33: 43 | AN33: 3457 | AO33: 46053.815 | AP33: 46095 | AQ33: 46095 | AR33: 2026/04/15 | AS33: 43 | AT33: P3A1 | AU33: 32 | AV33: e519a11ebf634ab69b0a4744a60039a5 | AW33: 32
A34: QCO | B34: 33 | C34: TRX TRL VST 10L | D34: S2615BA1307U-S | E34: TRX TRL VST 10L | F34: JY7573-WONDER ALUMINA S25-FW26 | G34: P3A1 | H34: 2026 | I34: W06 | J34: 837 | K34: 33 | L34: 351 | M34: P3A1 | N34: LINE09 | O34: AD-ADI-B154 | P34: Main Order | R34: ADIB294 | S34: RGL | T34: 001 | U34: 001 | V34: P_ADI-B154_1_ADIB294RGL001001_01 | W34: Not Scheduled | Y34: 2025/12/20 | Z34: 2026/01/31 | AA34: 1.71 | AE34: 2026-10 | AF34: 22190864 | AG34: 33 | AH34: Week 10 | AI34: 33 | AJ34: 2026/04/15 | AK34: 20260314 | AL34: 20260314 | AM34: 33 | AN34: 3472 | AO34: 46053.815 | AP34: 46095 | AQ34: 46095 | AR34: 2026/04/15 | AS34: 33 | AT34: P3A1 | AU34: 33 | AV34: e519a11ebf634ab69b0a4744a60039a5 | AW34: 33
A35: QCO | B35: 34 | C35: TRX TRL VST 10L | D35: S2615BA1307U-M | E35: TRX TRL VST 10L | F35: JY7573-WONDER ALUMINA S25-FW26 | G35: P3A1 | H35: 2026 | I35: W06 | J35: 839 | K35: 34 | L35: 302 | M35: P3A1 | N35: LINE09 | O35: AD-ADI-B154 | P35: Main Order | R35: ADIB295 | S35: RGL | T35: 001 | U35: 004 | V35: P_ADI-B154_1_ADIB295RGL001004_01 | W35: Not Scheduled | Y35: 2025/12/20 | Z35: 2026/01/31 | AA35: 1.64 | AE35: 2026-10 | AF35: 22190864 | AG35: 34 | AH35: Week 10 | AI35: 32 | AJ35: 2026/04/15 | AK35: 20260314 | AL35: 20260314 | AM35: 32 | AN35: 3474 | AO35: 46053.815 | AP35: 46095 | AQ35: 46095 | AR35: 2026/04/15 | AS35: 32 | AT35: P3A1 | AU35: 34 | AV35: e519a11ebf634ab69b0a4744a60039a5 | AW35: 34
A36: QCO | B36: 35 | C36: TRX TRL VST 10L | D36: S2615BA1307U-L | E36: TRX TRL VST 10L | F36: JY7573-WONDER ALUMINA S25-FW26 | G36: P3A1 | H36: 2026 | I36: W06 | J36: 842 | K36: 35 | L36: 392 | M36: P3A1 | N36: LINE09 | O36: AD-ADI-B154 | P36: Main Order | R36: ADIB296 | S36: RGL | T36: 001 | U36: 003 | V36: P_ADI-B154_1_ADIB296RGL001003_01 | W36: Not Scheduled | Y36: 2025/12/20 | Z36: 2026/01/31 | AA36: 1.52 | AE36: 2026-10 | AF36: 22190864 | AG36: 35 | AH36: Week 10 | AI36: 17 | AJ36: 2026/04/15 | AK36: 20260314 | AL36: 20260314 | AM36: 17 | AN36: 3477 | AO36: 46053.815 | AP36: 46095 | AQ36: 46095 | AR36: 2026/04/15 | AS36: 17 | AT36: P3A1 | AU36: 35 | AV36: e519a11ebf634ab69b0a4744a60039a5 | AW36: 35
A37: QCO | B37: 36 | C37: TRX TRL VST 5L | D37: S2615BA1306U-M | E37: TRX TRL VST 5L | F37: KC5015-WONDER ALUMINA S25-FW26 | G37: P3A1 | H37: 2026 | I37: W06 | J37: 904 | K37: 36 | L37: 172 | M37: P3A1 | N37: 3 | O37: AD-ADI-B208 | P37: Main Order | R37: ADIB291 | S37: RGL | T37: 002 | U37: 002 | V37: P_ADI-B208_1_ADIB291RGL002002_01 | W37: Not Scheduled | Y37: 2026/01/24 | Z37: 2026/01/31 | AA37: 0 | AE37: 2026-10 | AF37: 22190864 | AG37: 36 | AH37: Week 10 | AI37: 2 | AJ37: 2026/04/20 | AK37: 20260302 | AL37: 20260303 | AM37: 2 | AN37: 3539 | AO37: 46053.816 | AP37: 46083 | AQ37: 46084 | AR37: 2026/04/20 | AS37: 2 | AT37: P3A1 | AU37: 36 | AV37: e519a11ebf634ab69b0a4744a60039a5 | AW37: 36
A38: QCO | B38: 37 | C38: TRX TRL VST 5L | D38: S2615BA1306U-M | E38: TRX TRL VST 5L | F38: KC5015-WONDER ALUMINA S25-FW26 | G38: P3A1 | H38: 2026 | I38: W06 | J38: 910 | K38: 37 | L38: 173 | M38: P3A1 | N38: LINE17 | O38: AD-ADI-B211 | P38: Sample Order | R38: ADIB291 | S38: RGL | T38: 002 | U38: 002 | V38: P_ADI-B211_1_ADIB291RGL002002_01 | W38: Not Scheduled | Y38: 2026/01/24 | Z38: 2026/01/31 | AA38: 0 | AE38: 2026-10 | AF38: 22190864 | AG38: 37 | AH38: Week 10 | AI38: 1 | AJ38: 2026/04/20 | AK38: 20260225 | AL38: 20260225 | AM38: 1 | AN38: 3545 | AO38: 46053.816 | AP38: 46078 | AQ38: 46078 | AR38: 2026/04/20 | AS38: 1 | AT38: P3A1 | AU38: 37 | AV38: e519a11ebf634ab69b0a4744a60039a5 | AW38: 37
A39: QCO | B39: 38 | C39: TRX TRL VST 5L | D39: S2615BA1306U-M | E39: TRX TRL VST 5L | F39: JY7572-TRACE BROWN S17-FW26 | G39: P3A1 | H39: 2026 | I39: W06 | J39: 1056 | K39: 38 | L39: 175 | M39: P3A1 | N39: LINE09 | O39: AD-ADI-B193 | P39: Main Order | R39: ADIB291 | S39: RGL | T39: 001 | U39: 002 | V39: P_ADI-B193_1_ADIB291RGL001002_01 | W39: Not Scheduled | Y39: 2026/01/10 | Z39: 2026/01/31 | AA39: 0 | AE39: 2026-10 | AF39: 22190864 | AG39: 38 | AH39: Week 10 | AI39: 278 | AJ39: 2026/04/30 | AK39: 20260411 | AL39: 20260411 | AM39: 278 | AN39: 3691 | AO39: 46053.818 | AP39: 46123 | AQ39: 46123 | AR39: 2026/04/30 | AS39: 278 | AT39: P3A1 | AU39: 38 | AV39: e519a11ebf634ab69b0a4744a60039a5 | AW39: 38
A40: QCO | B40: 39 | C40: TRX TRL VST 10L | D40: S2615BA1307U-L | E40: TRX TRL VST 10L | F40: JY7573-WONDER ALUMINA S25-FW26 | G40: P3A1 | H40: 2026 | I40: W06 | J40: 1060 | K40: 39 | L40: 393 | M40: P3A1 | N40: LINE09 | O40: AD-ADI-B193 | P40: Main Order | R40: ADIB296 | S40: RGL | T40: 001 | U40: 003 | V40: P_ADI-B193_1_ADIB296RGL001003_01 | W40: Not Scheduled | Y40: 2026/01/10 | Z40: 2026/01/31 | AA40: 0 | AE40: 2026-10 | AF40: 22190864 | AG40: 39 | AH40: Week 10 | AI40: 193 | AJ40: 2026/04/30 | AK40: 20260408 | AL40: 20260408 | AM40: 193 | AN40: 3695 | AO40: 46053.818 | AP40: 46120 | AQ40: 46120 | AR40: 2026/04/30 | AS40: 193 | AT40: P3A1 | AU40: 39 | AV40: e519a11ebf634ab69b0a4744a60039a5 | AW40: 39
... A48: QCO | B48: 47 | C48: TRX TRL VST 5L | D48: S2615BA1306U-M | E48: TRX TRL VST 5L | F48: KC5015-WONDER ALUMINA S25-FW26 | G48: P3A1 | H48: 2026 | I48: W06 | J48: 1392 | K48: 47 | L48: 180 | M48: P3A1 | N48: 2 | O48: AD-ADI-B210 | P48: Main Order | R48: ADIB291 | S48: RGL | T48: 002 | U48: 002 | V48: P_ADI-B210_1_ADIB291RGL002002_01 | W48: Not Scheduled | Y48: 2026/01/24 | Z48: 2026/01/31 | AA48: 0 | AE48: 2026-10 | AF48: 22190864 | AG48: 47 | AH48: Week 10 | AI48: 139 | AJ48: 2026/08/07 | AK48: 20260318 | AL48: 20260319 | AM48: 139 | AN48: 4027 | AO48: 46053.822 | AP48: 46099 | AQ48: 46100 | AR48: 2026/08/07 | AS48: 139 | AT48: P3A1 | AU48: 47 | AV48: e519a11ebf634ab69b0a4744a60039a5 | AW48: 47
A49: QCO | B49: 48 | C49: TRX TRL VST 2.5 | D49: S2615BA1305U-L | E49: TRX TRL VST 2.5 | F49: KC5016-WONDER ALUMINA S25-FW26 | G49: P3A1 | H49: 2026 | I49: W06 | J49: 192 | K49: 48 | L49: 354 | M49: P3A1 | N49: LINE09 | O49: AD-ADI-B117 | P49: Main Order | R49: ADIB289 | S49: RGL | T49: 002 | U49: 001 | V49: P_ADI-B117_1_ADIB289RGL002001_01 | W49: Fully Scheduled | X49: P3A1-2601-000000158 | Y49: 2025/12/01 | Z49: 2026/01/31 | AA49: 95.06 | AE49: 2026-10 | AF49: 22190864 | AG49: 48 | AH49: Week 10 | AI49: 39 | AJ49: 2026/02/28 | AK49: 20260210 | AL49: 20260210 | AM49: 39 | AN49: 2827 | AO49: 46053.776 | AP49: 46063 | AQ49: 46063 | AR49: 2026/02/28 | AS49: 39 | AT49: P3A1 | AU49: 48 | AV49: e519a11ebf634ab69b0a4744a60039a5 | AW49: 48
A50: QCO | B50: 49 | C50: TRX TRL VST 2.5 | D50: S2615BA1305U-L | E50: TRX TRL VST 2.5 | F50: JY7574-TRACE BROWN S17-FW26 | G50: P3A1 | H50: 2026 | I50: W06 | J50: 196 | K50: 49 | L50: 355 | M50: P3A1 | N50: LINE09 | O50: AD-ADI-B117 | P50: Main Order | R50: ADIB289 | S50: RGL | T50: 001 | U50: 001 | V50: P_ADI-B117_1_ADIB289RGL001001_01 | W50: Fully Scheduled | X50: P3A1-2601-000000150 | Y50: 2025/12/01 | Z50: 2026/01/31 | AA50: 94.86 | AE50: 2026-10 | AF50: 22190864 | AG50: 49 | AH50: Week 10 | AI50: 10 | AJ50: 2026/02/28 | AK50: 20260210 | AL50: 20260210 | AM50: 10 | AN50: 2831 | AO50: 46053.776 | AP50: 46063 | AQ50: 46063 | AR50: 2026/02/28 | AS50: 10 | AT50: P3A1 | AU50: 49 | AV50: e519a11ebf634ab69b0a4744a60039a5 | AW50: 49
A51: QCO | B51: 50 | C51: TRX TRL VST 2.5 | D51: S2615BA1305U-S | E51: TRX TRL VST 2.5 | F51: JY7574-TRACE BROWN S17-FW26 | G51: P3A1 | H51: 2026 | I51: W06 | J51: 198 | K51: 50 | L51: 804 | M51: P3A1 | N51: LINE09 | O51: AD-ADI-B117 | P51: Main Order | R51: ADIB284 | S51: RGL | T51: 001 | U51: 001 | V51: P_ADI-B117_1_ADIB284RGL001001_01 | W51: Fully Scheduled | X51: P3A1-2601-000000149 | Y51: 2025/12/01 | Z51: 2026/01/31 | AA51: 94.5 | AE51: 2026-10 | AF51: 22190864 | AG51: 50 | AH51: Week 10 | AI51: 110 | AJ51: 2026/02/28 | AK51: 20260210 | AL51: 20260210 | AM51: 110 | AN51: 2833 | AO51: 46053.776 | AP51: 46063 | AQ51: 46063 | AR51: 2026/02/28 | AS51: 110 | AT51: P3A1 | AU51: 50 | AV51: e519a11ebf634ab69b0a4744a60039a5 | AW51: 50
A52: QCO | B52: 51 | C52: TRX TRL VST 2.5 | D52: S2615BA1305U-S | E52: TRX TRL VST 2.5 | F52: KC5016-WONDER ALUMINA S25-FW26 | G52: P3A1 | H52: 2026 | I52: W06 | J52: 199 | K52: 51 | L52: 801 | M52: P3A1 | N52: LINE09 | O52: AD-ADI-B117 | P52: Main Order | R52: ADIB284 | S52: RGL | T52: 002 | U52: 001 | V52: P_ADI-B117_1_ADIB284RGL002001_01 | W52: Fully Scheduled | X52: P3A1-2601-000000156 | Y52: 2025/12/01 | Z52: 2026/01/31 | AA52: 94.44 | AE52: 2026-10 | AF52: 22190864 | AG52: 51 | AH52: Week 10 | AI52: 55 | AJ52: 2026/02/28 | AK52: 20260210 | AL52: 20260210 | AM52: 55 | AN52: 2834 | AO52: 46053.776 | AP52: 46063 | AQ52: 46063 | AR52: 2026/02/28 | AS52: 55 | AT52: P3A1 | AU52: 51 | AV52: e519a11ebf634ab69b0a4744a60039a5 | AW52: 51
A53: QCO | B53: 52 | C53: TRX TRL VST 2.5 | D53: S2615BA1305U-XS | E53: TRX TRL VST 2.5 | F53: JY7574-TRACE BROWN S17-FW26 | G53: P3A1 | H53: 2026 | I53: W06 | J53: 200 | K53: 52 | L53: 805 | M53: P3A1 | N53: LINE09 | O53: AD-ADI-B117 | P53: Main Order | R53: ADIB283 | S53: RGL | T53: 001 | U53: 001 | V53: P_ADI-B117_1_ADIB283RGL001001_01 | W53: Fully Scheduled | X53: P3A1-2601-000000153 | Y53: 2025/12/01 | Z53: 2026/01/31 | AA53: 94.34 | AE53: 2026-10 | AF53: 22190864 | AG53: 52 | AH53: Week 10 | AI53: 5 | AJ53: 2026/02/28 | AK53: 20260210 | AL53: 20260210 | AM53: 5 | AN53: 2835 | AO53: 46053.776 | AP53: 46063 | AQ53: 46063 | AR53: 2026/02/28 | AS53: 5 | AT53: P3A1 | AU53: 52 | AV53: e519a11ebf634ab69b0a4744a60039a5 | AW53: 52
A54: QCO | B54: 53 | C54: TRX TRL VST 2.5 | D54: S2615BA1305U-XS | E54: TRX TRL VST 2.5 | F54: KC5016-WONDER ALUMINA S25-FW26 | G54: P3A1 | H54: 2026 | I54: W06 | J54: 205 | K54: 53 | L54: 806 | M54: P3A1 | N54: LINE09 | O54: AD-ADI-B117 | P54: Main Order | R54: ADIB283 | S54: RGL | T54: 002 | U54: 001 | V54: P_ADI-B117_1_ADIB283RGL002001_01 | W54: Fully Scheduled | X54: P3A1-2601-000000154 | Y54: 2025/12/01 | Z54: 2026/01/31 | AA54: 74.62 | AE54: 2026-10 | AF54: 22190864 | AG54: 53 | AH54: Week 10 | AI54: 10 | AJ54: 2026/02/28 | AK54: 20260210 | AL54: 20260210 | AM54: 10 | AN54: 2840 | AO54: 46053.776 | AP54: 46063 | AQ54: 46063 | AR54: 2026/02/28 | AS54: 10 | AT54: P3A1 | AU54: 53 | AV54: e519a11ebf634ab69b0a4744a60039a5 | AW54: 53
A55: QCO | B55: 54 | C55: TRX TRL VST 2.5 | D55: S2615BA1305U-S | E55: TRX TRL VST 2.5 | F55: KC5016-WONDER ALUMINA S25-FW26 | G55: P3A1 | H55: 2026 | I55: W06 | J55: 218 | K55: 54 | L55: 808 | M55: P3A1 | N55: LINE09 | O55: AD-ADI-B118 | P55: Main Order | R55: ADIB284 | S55: RGL | T55: 002 | U55: 001 | V55: P_ADI-B118_1_ADIB284RGL002001_01 | W55: Fully Scheduled | X55: P3A1-2601-000000151 | Y55: 2025/12/01 | Z55: 2026/01/31 | AA55: 93.88 | AE55: 2026-10 | AF55: 22190864 | AG55: 54 | AH55: Week 10 | AI55: 50 | AJ55: 2026/03/15 | AK55: 20260210 | AL55: 20260210 | AM55: 50 | AN55: 2853 | AO55: 46053.776 | AP55: 46063 | AQ55: 46063 | AR55: 2026/03/15 | AS55: 50 | AT55: P3A1 | AU55: 54 | AV55: e519a11ebf634ab69b0a4744a60039a5 | AW55: 54
A56: QCO | B56: 55 | C56: TRX TRL VST 2.5 | D56: S2615BA1305U-L | E56: TRX TRL VST 2.5 | F56: JY7574-TRACE BROWN S17-FW26 | G56: P3A1 | H56: 2026 | I56: W06 | J56: 723 | K56: 55 | L56: 357 | M56: P3A1 | N56: LINE09 | O56: AD-ADI-B142 | P56: Main Order | R56: ADIB289 | S56: RGL | T56: 001 | U56: 001 | V56: P_ADI-B142_1_ADIB289RGL001001_01 | W56: Not Scheduled | X56: P3A1-2602-000000047 | Y56: 2025/12/15 | Z56: 2026/01/31 | AA56: 88.68 | AE56: 2026-10 | AF56: 22190864 | AG56: 55 | AH56: Week 10 | AI56: 64 | AJ56: 2026/03/31 | AK56: 20260312 | AL56: 20260312 | AM56: 64 | AN56: 3358 | AO56: 46053.814 | AP56: 46093 | AQ56: 46093 | AR56: 2026/03/31 | AS56: 64 | AT56: P3A1 | AU56: 55 | AV56: e519a11ebf634ab69b0a4744a60039a5 | AW56: 55
A57: QCO | B57: 56 | C57: TRX TRL VST 2.5 | D57: S2615BA1305U-S | E57: TRX TRL VST 2.5 | F57: JY7574-TRACE BROWN S17-FW26 | G57: P3A1 | H57: 2026 | I57: W06 | J57: 728 | K57: 56 | L57: 1725 | M57: P3A1 | N57: LINE09 | O57: AD-ADI-B142 | P57: Main Order | R57: ADIB284 | S57: RGL | T57: 001 | U57: 001 | V57: P_ADI-B142_1_ADIB284RGL001001_01 | W57: Not Scheduled | X57: P3A1-2602-000000050 | Y57: 2025/12/15 | Z57: 2026/01/31 | AA57: 87.16 | AE57: 2026-10 | AF57: 22190864 | AG57: 56 | AH57: Week 10 | AI57: 66 | AJ57: 2026/03/31 | AK57: 20260312 | AL57: 20260312 | AM57: 66 | AN57: 3363 | AO57: 46053.814 | AP57: 46093 | AQ57: 46093 | AR57: 2026/03/31 | AS57: 66 | AT57: P3A1 | AU57: 56 | AV57: e519a11ebf634ab69b0a4744a60039a5 | AW57: 56
A58: QCO | B58: 57 | C58: TRX TRL VST 2.5 | D58: S2615BA1305U-L | E58: TRX TRL VST 2.5 | F58: KC5016-WONDER ALUMINA S25-FW26 | G58: P3A1 | H58: 2026 | I58: W06 | J58: 730 | K58: 57 | L58: 356 | M58: P3A1 | N58: LINE09 | O58: AD-ADI-B142 | P58: Main Order | R58: ADIB289 | S58: RGL | T58: 002 | U58: 001 | V58: P_ADI-B142_1_ADIB289RGL002001_01 | W58: Not Scheduled | X58: P3A1-2602-000000046 | Y58: 2025/12/15 | Z58: 2026/01/31 | AA58: 86.91 | AE58: 2026-10 | AF58: 22190864 | AG58: 57 | AH58: Week 10 | AI58: 118 | AJ58: 2026/03/31 | AK58: 20260312 | AL58: 20260312 | AM58: 118 | AN58: 3365 | AO58: 46053.814 | AP58: 46093 | AQ58: 46093 | AR58: 2026/03/31 | AS58: 118 | AT58: P3A1 | AU58: 57 | AV58: e519a11ebf634ab69b0a4744a60039a5 | AW58: 57
A59: QCO | B59: 58 | C59: TRX TRL VST 2.5 | D59: S2615BA1305U-S | E59: TRX TRL VST 2.5 | F59: KC5016-WONDER ALUMINA S25-FW26 | G59: P3A1 | H59: 2026 | I59: W06 | J59: 736 | K59: 58 | L59: 1717 | M59: P3A1 | N59: LINE09 | O59: AD-ADI-B142 | P59: Main Order | R59: ADIB284 | S59: RGL | T59: 002 | U59: 001 | V59: P_ADI-B142_1_ADIB284RGL002001_01 | W59: Not Scheduled | X59: P3A1-2602-000000053 | Y59: 2025/12/15 | Z59: 2026/01/31 | AA59: 85.44 | AE59: 2026-10 | AF59: 22190864 | AG59: 58 | AH59: Week 10 | AI59: 48 | AJ59: 2026/03/31 | AK59: 20260312 | AL59: 20260312 | AM59: 48 | AN59: 3371 | AO59: 46053.814 | AP59: 46093 | AQ59: 46093 | AR59: 2026/03/31 | AS59: 48 | AT59: P3A1 | AU59: 58 | AV59: e519a11ebf634ab69b0a4744a60039a5 | AW59: 58
A60: QCO | B60: 59 | C60: TRX TRL VST 2.5 | D60: S2615BA1305U-XS | E60: TRX TRL VST 2.5 | F60: KC5016-WONDER ALUMINA S25-FW26 | G60: P3A1 | H60: 2026 | I60: W06 | J60: 737 | K60: 59 | L60: 1716 | M60: P3A1 | N60: LINE09 | O60: AD-ADI-B142 | P60: Main Order | R60: ADIB283 | S60: RGL | T60: 002 | U60: 001 | V60: P_ADI-B142_1_ADIB283RGL002001_01 | W60: Not Scheduled | X60: P3A1-2602-000000044 | Y60: 2025/12/15 | Z60: 2026/01/31 | AA60: 85.06 | AE60: 2026-10 | AF60: 22190864 | AG60: 59 | AH60: Week 10 | AI60: 28 | AJ60: 2026/03/31 | AK60: 20260312 | AL60: 20260312 | AM60: 28 | AN60: 3372 | AO60: 46053.814 | AP60: 46093 | AQ60: 46093 | AR60: 2026/03/31 | AS60: 28 | AT60: P3A1 | AU60: 59 | AV60: e519a11ebf634ab69b0a4744a60039a5 | AW60: 59
... A64: QCO | B64: 63 | C64: TRX TRL VST 2.5 | D64: S2615BA1305U-L | E64: TRX TRL VST 2.5 | F64: KC5016-WONDER ALUMINA S25-FW26 | G64: P3A1 | H64: 2026 | I64: W06 | J64: 850 | K64: 63 | L64: 358 | M64: P3A1 | N64: LINE09 | O64: AD-ADI-B154 | P64: Main Order | R64: ADIB289 | S64: RGL | T64: 002 | U64: 001 | V64: P_ADI-B154_1_ADIB289RGL002001_01 | W64: Not Scheduled | X64: P3A1-2602-000000057 | Y64: 2025/12/20 | Z64: 2026/01/31 | AA64: 1.03 | AE64: 2026-10 | AF64: 22190864 | AG64: 63 | AH64: Week 10 | AI64: 50 | AJ64: 2026/04/15 | AK64: 20260314 | AL64: 20260314 | AM64: 50 | AN64: 3485 | AO64: 46053.815 | AP64: 46095 | AQ64: 46095 | AR64: 2026/04/15 | AS64: 50 | AT64: P3A1 | AU64: 63 | AV64: e519a11ebf634ab69b0a4744a60039a5 | AW64: 63
A65: QCO | B65: 64 | C65: TRX TRL VST 2.5 | D65: S2615BA1305U-L | E65: TRX TRL VST 2.5 | F65: JY7574-TRACE BROWN S17-FW26 | G65: P3A1 | H65: 2026 | I65: W06 | J65: 1055 | K65: 64 | L65: 359 | M65: P3A1 | N65: LINE09 | O65: AD-ADI-B193 | P65: Main Order | R65: ADIB289 | S65: RGL | T65: 001 | U65: 001 | V65: P_ADI-B193_1_ADIB289RGL001001_01 | W65: Not Scheduled | Y65: 2026/01/10 | Z65: 2026/01/31 | AA65: 0 | AE65: 2026-10 | AF65: 22190864 | AG65: 64 | AH65: Week 10 | AI65: 294 | AJ65: 2026/04/30 | AK65: 20260415 | AL65: 20260415 | AM65: 294 | AN65: 3690 | AO65: 46053.818 | AP65: 46127 | AQ65: 46127 | AR65: 2026/04/30 | AS65: 294 | AT65: P3A1 | AU65: 64 | AV65: e519a11ebf634ab69b0a4744a60039a5 | AW65: 64
A66: QCO | B66: 65 | C66: TRX TRL VST 2.5 | D66: S2615BA1305U-L | E66: TRX TRL VST 2.5 | F66: KC5016-WONDER ALUMINA S25-FW26 | G66: P3A1 | H66: 2026 | I66: W06 | J66: 1062 | K66: 65 | L66: 360 | M66: P3A1 | N66: LINE09 | O66: AD-ADI-B193 | P66: Main Order | R66: ADIB289 | S66: RGL | T66: 002 | U66: 001 | V66: P_ADI-B193_1_ADIB289RGL002001_01 | W66: Not Scheduled | Y66: 2026/01/10 | Z66: 2026/01/31 | AA66: 0 | AE66: 2026-10 | AF66: 22190864 | AG66: 65 | AH66: Week 10 | AI66: 174 | AJ66: 2026/04/30 | AK66: 20260415 | AL66: 20260415 | AM66: 174 | AN66: 3697 | AO66: 46053.818 | AP66: 46127 | AQ66: 46127 | AR66: 2026/04/30 | AS66: 174 | AT66: P3A1 | AU66: 65 | AV66: e519a11ebf634ab69b0a4744a60039a5 | AW66: 65
A67: QCO | B67: 66 | C67: TRX TRL VST 2.5 | D67: S2615BA1305U-S | E67: TRX TRL VST 2.5 | F67: JY7574-TRACE BROWN S17-FW26 | G67: P3A1 | H67: 2026 | I67: W06 | J67: 1066 | K67: 66 | L67: 1975 | M67: P3A1 | N67: LINE09 | O67: AD-ADI-B193 | P67: Main Order | R67: ADIB284 | S67: RGL | T67: 001 | U67: 001 | V67: P_ADI-B193_1_ADIB284RGL001001_01 | W67: Not Scheduled | Y67: 2026/01/10 | Z67: 2026/01/31 | AA67: 0 | AE67: 2026-10 | AF67: 22190864 | AG67: 66 | AH67: Week 10 | AI67: 135 | AJ67: 2026/04/30 | AK67: 20260414 | AL67: 20260414 | AM67: 135 | AN67: 3701 | AO67: 46053.818 | AP67: 46126 | AQ67: 46126 | AR67: 2026/04/30 | AS67: 135 | AT67: P3A1 | AU67: 66 | AV67: e519a11ebf634ab69b0a4744a60039a5 | AW67: 66
A68: QCO | B68: 67 | C68: TRX TRL VST 2.5 | D68: S2615BA1305U-S | E68: TRX TRL VST 2.5 | F68: KC5016-WONDER ALUMINA S25-FW26 | G68: P3A1 | H68: 2026 | I68: W06 | J68: 1067 | K68: 67 | L68: 1976 | M68: P3A1 | N68: LINE09 | O68: AD-ADI-B193 | P68: Main Order | R68: ADIB284 | S68: RGL | T68: 002 | U68: 001 | V68: P_ADI-B193_1_ADIB284RGL002001_01 | W68: Not Scheduled | Y68: 2026/01/10 | Z68: 2026/01/31 | AA68: 0 | AE68: 2026-10 | AF68: 22190864 | AG68: 67 | AH68: Week 10 | AI68: 120 | AJ68: 2026/04/30 | AK68: 20260415 | AL68: 20260415 | AM68: 120 | AN68: 3702 | AO68: 46053.818 | AP68: 46127 | AQ68: 46127 | AR68: 2026/04/30 | AS68: 120 | AT68: P3A1 | AU68: 67 | AV68: e519a11ebf634ab69b0a4744a60039a5 | AW68: 67
A69: QCO | B69: 68 | C69: TRX TRL VST 2.5 | D69: S2615BA1305U-XS | E69: TRX TRL VST 2.5 | F69: KC5016-WONDER ALUMINA S25-FW26 | G69: P3A1 | H69: 2026 | I69: W06 | J69: 1072 | K69: 68 | L69: 1984 | M69: P3A1 | N69: LINE09 | O69: AD-ADI-B193 | P69: Main Order | R69: ADIB283 | S69: RGL | T69: 002 | U69: 001 | V69: P_ADI-B193_1_ADIB283RGL002001_01 | W69: Not Scheduled | Y69: 2026/01/10 | Z69: 2026/01/31 | AA69: 0 | AE69: 2026-10 | AF69: 22190864 | AG69: 68 | AH69: Week 10 | AI69: 46 | AJ69: 2026/04/30 | AK69: 20260415 | AL69: 20260415 | AM69: 46 | AN69: 3707 | AO69: 46053.818 | AP69: 46127 | AQ69: 46127 | AR69: 2026/04/30 | AS69: 46 | AT69: P3A1 | AU69: 68 | AV69: e519a11ebf634ab69b0a4744a60039a5 | AW69: 68
A70: QCO | B70: 69 | C70: TRX TRL VST 2.5 | D70: S2615BA1305U-XS | E70: TRX TRL VST 2.5 | F70: JY7574-TRACE BROWN S17-FW26 | G70: P3A1 | H70: 2026 | I70: W06 | J70: 1076 | K70: 69 | L70: 1987 | M70: P3A1 | N70: LINE09 | O70: AD-ADI-B193 | P70: Main Order | R70: ADIB283 | S70: RGL | T70: 001 | U70: 001 | V70: P_ADI-B193_1_ADIB283RGL001001_01 | W70: Not Scheduled | Y70: 2026/01/10 | Z70: 2026/01/31 | AA70: 0 | AE70: 2026-10 | AF70: 22190864 | AG70: 69 | AH70: Week 10 | AI70: 35 | AJ70: 2026/04/30 | AK70: 20260414 | AL70: 20260414 | AM70: 35 | AN70: 3711 | AO70: 46053.818 | AP70: 46126 | AQ70: 46126 | AR70: 2026/04/30 | AS70: 35 | AT70: P3A1 | AU70: 69 | AV70: e519a11ebf634ab69b0a4744a60039a5 | AW70: 69
A71: QCO | B71: 70 | C71: TRX TRL VST 2.5 | D71: S2615BA1305U-L | E71: TRX TRL VST 2.5 | F71: KC5016-WONDER ALUMINA S25-FW26 | G71: P3A1 | H71: 2026 | I71: W06 | J71: 1109 | K71: 70 | L71: 361 | M71: P3A1 | N71: LINE09 | O71: AD-ADI-B193 | P71: Main Order | R71: ADIB289 | S71: RGL | T71: 002 | U71: 001 | V71: P_ADI-B193_2_ADIB289RGL002001_01 | W71: Not Scheduled | Y71: 2026/01/10 | Z71: 2026/01/31 | AA71: 0 | AE71: 2026-10 | AF71: 22190864 | AG71: 70 | AH71: Week 10 | AI71: 53 | AJ71: 2026/05/07 | AK71: 20260415 | AL71: 20260415 | AM71: 53 | AN71: 3744 | AO71: 46053.819 | AP71: 46127 | AQ71: 46127 | AR71: 2026/05/07 | AS71: 53 | AT71: P3A1 | AU71: 70 | AV71: e519a11ebf634ab69b0a4744a60039a5 | AW71: 70
A72: QCO | B72: 71 | C72: TRX TRL VST 2.5 | D72: S2615BA1305U-S | E72: TRX TRL VST 2.5 | F72: KC5016-WONDER ALUMINA S25-FW26 | G72: P3A1 | H72: 2026 | I72: W06 | J72: 1110 | K72: 71 | L72: 2007 | M72: P3A1 | N72: LINE09 | O72: AD-ADI-B193 | P72: Main Order | R72: ADIB284 | S72: RGL | T72: 002 | U72: 001 | V72: P_ADI-B193_2_ADIB284RGL002001_01 | W72: Not Scheduled | Y72: 2026/01/10 | Z72: 2026/01/31 | AA72: 0 | AE72: 2026-10 | AF72: 22190864 | AG72: 71 | AH72: Week 10 | AI72: 43 | AJ72: 2026/05/07 | AK72: 20260415 | AL72: 20260415 | AM72: 43 | AN72: 3745 | AO72: 46053.819 | AP72: 46127 | AQ72: 46127 | AR72: 2026/05/07 | AS72: 43 | AT72: P3A1 | AU72: 71 | AV72: e519a11ebf634ab69b0a4744a60039a5 | AW72: 71
A73: QCO | B73: 72 | C73: TRX TRL VST 2.5 | D73: S2615BA1305U-XS | E73: TRX TRL VST 2.5 | F73: KC5016-WONDER ALUMINA S25-FW26 | G73: P3A1 | H73: 2026 | I73: W06 | J73: 1111 | K73: 72 | L73: 2008 | M73: P3A1 | N73: LINE09 | O73: AD-ADI-B193 | P73: Main Order | R73: ADIB283 | S73: RGL | T73: 002 | U73: 001 | V73: P_ADI-B193_2_ADIB283RGL002001_01 | W73: Not Scheduled | Y73: 2026/01/10 | Z73: 2026/01/31 | AA73: 0 | AE73: 2026-10 | AF73: 22190864 | AG73: 72 | AH73: Week 10 | AI73: 25 | AJ73: 2026/05/07 | AK73: 20260415 | AL73: 20260415 | AM73: 25 | AN73: 3746 | AO73: 46053.819 | AP73: 46127 | AQ73: 46127 | AR73: 2026/05/07 | AS73: 25 | AT73: P3A1 | AU73: 72 | AV73: e519a11ebf634ab69b0a4744a60039a5 | AW73: 72
A74: QCO | B74: 73 | C74: TRX TRL VST 2.5 | D74: S2615BA1305U-XS | E74: TRX TRL VST 2.5 | F74: KC5016-WONDER ALUMINA S25-FW26 | G74: P3A1 | H74: 2026 | I74: W06 | J74: 1137 | K74: 73 | L74: 2021 | M74: P3A1 | N74: LINE17 | O74: AD-ADI-B155 | P74: Main Order | R74: ADIB283 | S74: RGL | T74: 002 | U74: 001 | V74: P_ADI-B155_1_ADIB283RGL002001_01 | W74: Not Scheduled | Y74: 2025/12/20 | Z74: 2026/01/31 | AA74: 1.48 | AE74: 2026-10 | AF74: 22190864 | AG74: 73 | AH74: Week 10 | AI74: 2 | AJ74: 2026/05/15 | AK74: 20260130 | AL74: 20260130 | AM74: 2 | AN74: 3772 | AO74: 46053.819 | AP74: 46052 | AQ74: 46052 | AR74: 2026/05/15 | AS74: 2 | AT74: P3A1 | AU74: 73 | AV74: e519a11ebf634ab69b0a4744a60039a5 | AW74: 73
A75: QCO | B75: 74 | C75: TRX TRL VST 2.5 | D75: S2615BA1305U-L | E75: TRX TRL VST 2.5 | F75: KC5016-WONDER ALUMINA S25-FW26 | G75: P3A1 | H75: 2026 | I75: W06 | J75: 1138 | K75: 74 | L75: 362 | M75: P3A1 | N75: LINE19 | O75: AD-ADI-B155 | P75: Main Order | R75: ADIB289 | S75: RGL | T75: 002 | U75: 001 | V75: P_ADI-B155_1_ADIB289RGL002001_01 | W75: Not Scheduled | Y75: 2025/12/20 | Z75: 2026/01/31 | AA75: 1.11 | AE75: 2026-10 | AF75: 22190864 | AG75: 74 | AH75: Week 10 | AI75: 4 | AJ75: 2026/05/15 | AK75: 20260504 | AL75: 20260504 | AM75: 4 | AN75: 3773 | AO75: 46053.819 | AP75: 46146 | AQ75: 46146 | AR75: 2026/05/15 | AS75: 4 | AT75: P3A1 | AU75: 74 | AV75: e519a11ebf634ab69b0a4744a60039a5 | AW75: 74
A76: QCO | B76: 75 | C76: TRX TRL VST 2.5 | D76: S2615BA1305U-S | E76: TRX TRL VST 2.5 | F76: KC5016-WONDER ALUMINA S25-FW26 | G76: P3A1 | H76: 2026 | I76: W06 | J76: 1139 | K76: 75 | L76: 2023 | M76: P3A1 | N76: LINE19 | O76: AD-ADI-B155 | P76: Main Order | R76: ADIB284 | S76: RGL | T76: 002 | U76: 001 | V76: P_ADI-B155_1_ADIB284RGL002001_01 | W76: Not Scheduled | Y76: 2025/12/20 | Z76: 2026/01/31 | AA76: 1.06 | AE76: 2026-10 | AF76: 22190864 | AG76: 75 | AH76: Week 10 | AI76: 3 | AJ76: 2026/05/15 | AK76: 20260504 | AL76: 20260504 | AM76: 3 | AN76: 3774 | AO76: 46053.819 | AP76: 46146 | AQ76: 46146 | AR76: 2026/05/15 | AS76: 3 | AT76: P3A1 | AU76: 75 | AV76: e519a11ebf634ab69b0a4744a60039a5 | AW76: 75
... A79: QCO | B79: 78 | C79: TRX TRL VST 2.5 | D79: S2615BA1305U-XS | E79: TRX TRL VST 2.5 | F79: KC5016-WONDER ALUMINA S25-FW26 | G79: P3A1 | H79: 2026 | I79: W06 | J79: 1367 | K79: 78 | L79: 2213 | M79: P3A1 | N79: 1 | O79: AD-ADI-B194 | P79: Main Order | R79: ADIB283 | S79: RGL | T79: 002 | U79: 001 | V79: P_ADI-B194_1_ADIB283RGL002001_01 | W79: Not Scheduled | Y79: 2026/01/10 | Z79: 2026/01/31 | AA79: 0 | AE79: 2026-10 | AF79: 22190864 | AG79: 78 | AH79: Week 10 | AI79: 2 | AJ79: 2026/07/07 | AK79: 20260312 | AL79: 20260312 | AM79: 2 | AN79: 4002 | AO79: 46053.822 | AP79: 46093 | AQ79: 46093 | AR79: 2026/07/07 | AS79: 2 | AT79: P3A1 | AU79: 78 | AV79: e519a11ebf634ab69b0a4744a60039a5 | AW79: 78
A80: QCO | B80: 79 | C80: SKATEBOARDING CROSS BODY BAG | D80: S26AS6018 | E80: SKATEBOARDING CROSS BODY BAG | F80: KS6824-BLACK-FW26 | G80: P3A1 | H80: 2026 | I80: W06 | J80: 88 | K80: 79 | L80: 779 | M80: P3A1 | N80: LINE11 | O80: AD-ADI-B154 | P80: Main Order | R80: ADIA993 | S80: RGL | T80: 004 | U80: 002 | V80: P_ADI-B154_1_ADIA993RGL004002_01 | W80: Fully Scheduled | X80: P3A1-2512-000000301 | Y80: 2025/12/20 | Z80: 2026/01/31 | AA80: 5.31 | AE80: 2026-10 | AF80: 22190864 | AG80: 79 | AH80: Week 10 | AI80: 330 | AJ80: 2026/03/31 | AK80: 20260316 | AL80: 20260317 | AM80: 330 | AN80: 2723 | AO80: 46053.774 | AP80: 46097 | AQ80: 46098 | AR80: 2026/03/31 | AS80: 330 | AT80: P3A1 | AU80: 79 | AV80: e519a11ebf634ab69b0a4744a60039a5 | AW80: 79
A81: QCO | B81: 80 | C81: TRX TRL VST 5L | D81: S2615BA1306U-S | E81: TRX TRL VST 5L | F81: JY7572-TRACE BROWN S17-FW26 | G81: P3A1 | H81: 2026 | I81: W06 | J81: 152 | K81: 80 | L81: 203 | M81: P3A1 | N81: LINE09 | O81: AD-ADI-B117 | P81: Main Order | R81: ADIB290 | S81: RGL | T81: 001 | U81: 001 | V81: P_ADI-B117_1_ADIB290RGL001001_01 | W81: Fully Scheduled | X81: P3A1-2512-000000168 | Y81: 2025/12/01 | Z81: 2026/01/31 | AA81: 95.02 | AE81: 2026-10 | AF81: 22190864 | AG81: 80 | AH81: Week 10 | AI81: 70 | AJ81: 2026/02/28 | AK81: 20260224 | AL81: 20260224 | AM81: 70 | AN81: 2787 | AO81: 46053.775 | AP81: 46077 | AQ81: 46077 | AR81: 2026/02/28 | AS81: 70 | AT81: P3A1 | AU81: 80 | AV81: e519a11ebf634ab69b0a4744a60039a5 | AW81: 80
A82: QCO | B82: 81 | C82: TRX TRL VST 5L | D82: S2615BA1306U-XS | E82: TRX TRL VST 5L | F82: JY7572-TRACE BROWN S17-FW26 | G82: P3A1 | H82: 2026 | I82: W06 | J82: 154 | K82: 81 | L82: 204 | M82: P3A1 | N82: LINE09 | O82: AD-ADI-B117 | P82: Main Order | R82: ADIB287 | S82: RGL | T82: 001 | U82: 001 | V82: P_ADI-B117_1_ADIB287RGL001001_01 | W82: Fully Scheduled | X82: P3A1-2512-000000166 | Y82: 2025/12/01 | Z82: 2026/01/31 | AA82: 94.19 | AE82: 2026-10 | AF82: 22190864 | AG82: 81 | AH82: Week 10 | AI82: 5 | AJ82: 2026/02/28 | AK82: 20260224 | AL82: 20260224 | AM82: 5 | AN82: 2789 | AO82: 46053.775 | AP82: 46077 | AQ82: 46077 | AR82: 2026/02/28 | AS82: 5 | AT82: P3A1 | AU82: 81 | AV82: e519a11ebf634ab69b0a4744a60039a5 | AW82: 81
A83: QCO | B83: 82 | C83: TRX TRL VST 5L | D83: S2615BA1306U-S | E83: TRX TRL VST 5L | F83: KC5015-WONDER ALUMINA S25-FW26 | G83: P3A1 | H83: 2026 | I83: W06 | J83: 155 | K83: 82 | L83: 205 | M83: P3A1 | N83: LINE09 | O83: AD-ADI-B118 | P83: Main Order | R83: ADIB290 | S83: RGL | T83: 002 | U83: 001 | V83: P_ADI-B118_1_ADIB290RGL002001_02 | W83: Fully Scheduled | X83: P3A1-2512-000000173 | Y83: 2025/12/01 | Z83: 2026/01/31 | AA83: 31.25 | AE83: 2026-10 | AF83: 22190864 | AG83: 82 | AH83: Week 10 | AI83: 104 | AJ83: 2026/03/15 | AK83: 20260224 | AL83: 20260224 | AM83: 327 | AN83: 2790 | AO83: 46053.775 | AP83: 46077 | AQ83: 46077 | AR83: 2026/03/15 | AS83: 104 | AT83: P3A1 | AU83: 82 | AV83: e519a11ebf634ab69b0a4744a60039a5 | AW83: 82
A84: QCO | B84: 83 | C84: TRX TRL VST 5L | D84: S2615BA1306U-S | E84: TRX TRL VST 5L | F84: KC5015-WONDER ALUMINA S25-FW26 | G84: P3A1 | H84: 2026 | I84: W06 | J84: 157 | K84: 83 | L84: 206 | M84: P3A1 | N84: LINE09 | O84: AD-ADI-B118 | P84: Main Order | R84: ADIB290 | S84: RGL | T84: 002 | U84: 001 | V84: P_ADI-B118_2_ADIB290RGL002001_01 | W84: Fully Scheduled | X84: P3A1-2512-000000172 | Y84: 2025/12/01 | Z84: 2026/01/31 | AA84: 94.34 | AE84: 2026-10 | AF84: 22190864 | AG84: 83 | AH84: Week 10 | AI84: 32 | AJ84: 2026/04/15 | AK84: 20260224 | AL84: 20260224 | AM84: 32 | AN84: 2792 | AO84: 46053.775 | AP84: 46077 | AQ84: 46077 | AR84: 2026/04/15 | AS84: 32 | AT84: P3A1 | AU84: 83 | AV84: e519a11ebf634ab69b0a4744a60039a5 | AW84: 83
A85: QCO | B85: 84 | C85: TRX TRL VST 5L | D85: S2615BA1306U-XS | E85: TRX TRL VST 5L | F85: KC5015-WONDER ALUMINA S25-FW26 | G85: P3A1 | H85: 2026 | I85: W06 | J85: 169 | K85: 84 | L85: 207 | M85: P3A1 | N85: LINE09 | O85: AD-ADI-B117 | P85: Main Order | R85: ADIB287 | S85: RGL | T85: 002 | U85: 001 | V85: P_ADI-B117_1_ADIB287RGL002001_01 | W85: Fully Scheduled | X85: P3A1-2512-000000180 | Y85: 2025/12/01 | Z85: 2026/01/31 | AA85: 94.62 | AE85: 2026-10 | AF85: 22190864 | AG85: 84 | AH85: Week 10 | AI85: 13 | AJ85: 2026/02/28 | AK85: 20260224 | AL85: 20260224 | AM85: 13 | AN85: 2804 | AO85: 46053.776 | AP85: 46077 | AQ85: 46077 | AR85: 2026/02/28 | AS85: 13 | AT85: P3A1 | AU85: 84 | AV85: e519a11ebf634ab69b0a4744a60039a5 | AW85: 84
A86: QCO | B86: 85 | C86: TRX TRL VST 5L | D86: S2615BA1306U-S | E86: TRX TRL VST 5L | F86: KC5015-WONDER ALUMINA S25-FW26 | G86: P3A1 | H86: 2026 | I86: W06 | J86: 181 | K86: 85 | L86: 208 | M86: P3A1 | N86: LINE09 | O86: AD-ADI-B118 | P86: Main Order | R86: ADIB290 | S86: RGL | T86: 002 | U86: 001 | V86: P_ADI-B118_1_ADIB290RGL002001_01 | W86: Fully Scheduled | X86: P3A1-2512-000000174 | Y86: 2025/12/01 | Z86: 2026/01/31 | AA86: 94.46 | AE86: 2026-10 | AF86: 22190864 | AG86: 85 | AH86: Week 10 | AI86: 223 | AJ86: 2026/03/15 | AK86: 20260224 | AL86: 20260224 | AM86: 327 | AN86: 2816 | AO86: 46053.776 | AP86: 46077 | AQ86: 46077 | AR86: 2026/03/15 | AS86: 223 | AT86: P3A1 | AU86: 85 | AV86: e519a11ebf634ab69b0a4744a60039a5 | AW86: 85
A87: QCO | B87: 86 | C87: TRX TRL VST 5L | D87: S2615BA1306U-S | E87: TRX TRL VST 5L | F87: KC5015-WONDER ALUMINA S25-FW26 | G87: P3A1 | H87: 2026 | I87: W06 | J87: 194 | K87: 86 | L87: 209 | M87: P3A1 | N87: LINE09 | O87: AD-ADI-B117 | P87: Main Order | R87: ADIB290 | S87: RGL | T87: 002 | U87: 001 | V87: P_ADI-B117_1_ADIB290RGL002001_01 | W87: Fully Scheduled | X87: P3A1-2512-000000179 | Y87: 2025/12/01 | Z87: 2026/01/31 | AA87: 94.98 | AE87: 2026-10 | AF87: 22190864 | AG87: 86 | AH87: Week 10 | AI87: 42 | AJ87: 2026/02/28 | AK87: 20260224 | AL87: 20260224 | AM87: 42 | AN87: 2829 | AO87: 46053.776 | AP87: 46077 | AQ87: 46077 | AR87: 2026/02/28 | AS87: 42 | AT87: P3A1 | AU87: 86 | AV87: e519a11ebf634ab69b0a4744a60039a5 | AW87: 86
A88: QCO | B88: 87 | C88: TRX TRL VST 5L | D88: S2615BA1306U-XS | E88: TRX TRL VST 5L | F88: KC5015-WONDER ALUMINA S25-FW26 | G88: P3A1 | H88: 2026 | I88: W06 | J88: 217 | K88: 87 | L88: 210 | M88: P3A1 | N88: LINE09 | O88: AD-ADI-B118 | P88: Main Order | R88: ADIB287 | S88: RGL | T88: 002 | U88: 001 | V88: P_ADI-B118_1_ADIB287RGL002001_01 | W88: Fully Scheduled | X88: P3A1-2512-000000171 | Y88: 2025/12/01 | Z88: 2026/01/31 | AA88: 94.22 | AE88: 2026-10 | AF88: 22190864 | AG88: 87 | AH88: Week 10 | AI88: 97 | AJ88: 2026/03/15 | AK88: 20260224 | AL88: 20260224 | AM88: 97 | AN88: 2852 | AO88: 46053.776 | AP88: 46077 | AQ88: 46077 | AR88: 2026/03/15 | AS88: 97 | AT88: P3A1 | AU88: 87 | AV88: e519a11ebf634ab69b0a4744a60039a5 | AW88: 87
A89: QCO | B89: 88 | C89: TRX TRL VST 5L | D89: S2615BA1306U-S | E89: TRX TRL VST 5L | F89: KC5015-WONDER ALUMINA S25-FW26 | G89: P3A1 | H89: 2026 | I89: W06 | J89: 731 | K89: 88 | L89: 217 | M89: P3A1 | N89: LINE09 | O89: AD-ADI-B142 | P89: Main Order | R89: ADIB290 | S89: RGL | T89: 002 | U89: 001 | V89: P_ADI-B142_1_ADIB290RGL002001_01 | W89: Not Scheduled | Y89: 2025/12/15 | Z89: 2026/01/31 | AA89: 86.89 | AE89: 2026-10 | AF89: 22190864 | AG89: 88 | AH89: Week 10 | AI89: 224 | AJ89: 2026/03/31 | AK89: 20260314 | AL89: 20260314 | AM89: 224 | AN89: 3366 | AO89: 46053.814 | AP89: 46095 | AQ89: 46095 | AR89: 2026/03/31 | AS89: 224 | AT89: P3A1 | AU89: 88 | AV89: e519a11ebf634ab69b0a4744a60039a5 | AW89: 88
A90: QCO | B90: 89 | C90: TRX TRL VST 5L | D90: S2615BA1306U-XS | E90: TRX TRL VST 5L | F90: KC5015-WONDER ALUMINA S25-FW26 | G90: P3A1 | H90: 2026 | I90: W06 | J90: 733 | K90: 89 | L90: 216 | M90: P3A1 | N90: LINE09 | O90: AD-ADI-B142 | P90: Main Order | R90: ADIB287 | S90: RGL | T90: 002 | U90: 001 | V90: P_ADI-B142_1_ADIB287RGL002001_01 | W90: Not Scheduled | Y90: 2025/12/15 | Z90: 2026/01/31 | AA90: 86.5 | AE90: 2026-10 | AF90: 22190864 | AG90: 89 | AH90: Week 10 | AI90: 67 | AJ90: 2026/03/31 | AK90: 20260314 | AL90: 20260314 | AM90: 67 | AN90: 3368 | AO90: 46053.814 | AP90: 46095 | AQ90: 46095 | AR90: 2026/03/31 | AS90: 67 | AT90: P3A1 | AU90: 89 | AV90: e519a11ebf634ab69b0a4744a60039a5 | AW90: 89
A91: QCO | B91: 90 | C91: TRX TRL VST 5L | D91: S2615BA1306U-XXS | E91: TRX TRL VST 5L | F91: KC5015-WONDER ALUMINA S25-FW26 | G91: P3A1 | H91: 2026 | I91: W06 | J91: 734 | K91: 90 | L91: 1719 | M91: P3A1 | N91: LINE09 | O91: AD-ADI-B142 | P91: Main Order | R91: ADIB567 | S91: RGL | T91: 002 | U91: 001 | V91: P_ADI-B142_1_ADIB567RGL002001_01 | W91: Not Scheduled | Y91: 2025/12/15 | Z91: 2026/01/31 | AA91: 86.37 | AE91: 2026-10 | AF91: 22190864 | AG91: 90 | AH91: Week 10 | AI91: 7 | AJ91: 2026/03/31 | AK91: 20260314 | AL91: 20260314 | AM91: 7 | AN91: 3369 | AO91: 46053.814 | AP91: 46095 | AQ91: 46095 | AR91: 2026/03/31 | AS91: 7 | AT91: P3A1 | AU91: 90 | AV91: e519a11ebf634ab69b0a4744a60039a5 | AW91: 90
A92: QCO | B92: 91 | C92: MR TOTE | D92: TXU6103S26OG | E92: MR TOTE | F92: JY9880_NIGHT INDIGO_FW26 | G92: P3A1 | H92: 2026 | I92: W06 | J92: 757 | K92: 91 | L92: 1732 | M92: P3A1 | N92: LINE05 | O92: AD-AGF-0504 | P92: Main Order | R92: AGF0478 | S92: RGL | T92: 004 | U92: 001 | V92: P_AGF-0504_1_AGF0478RGL004001_01 | W92: Not Scheduled | Y92: 2025/12/13 | Z92: 2026/01/31 | AA92: 7.39 | AE92: 2026-10 | AF92: 22190864 | AG92: 91 | AH92: Week 10 | AI92: 100 | AJ92: 2026/03/31 | AK92: 20260314 | AL92: 20260314 | AM92: 100 | AN92: 3392 | AO92: 46053.814 | AP92: 46095 | AQ92: 46095 | AR92: 2026/03/31 | AS92: 100 | AT92: P3A1 | AU92: 91 | AV92: e519a11ebf634ab69b0a4744a60039a5 | AW92: 91
A93: QCO | B93: 92 | C93: S SHOE BAG | D93: TXU6106S26OG | E93: S SHOE BAG | F93: JY9886_BLUEBIRD_FW26 | G93: P3A1 | H93: 2026 | I93: W06 | J93: 762 | K93: 92 | L93: 1745 | M93: P3A1 | N93: LINE02 | O93: AD-AGF-0504 | P93: Main Order | R93: AGF0481 | S93: RGL | T93: 002 | U93: 001 | V93: P_AGF-0504_1_AGF0481RGL002001_01 | W93: Not Scheduled | Y93: 2025/12/13 | Z93: 2026/01/31 | AA93: 3.89 | AE93: 2026-10 | AF93: 22190864 | AG93: 92 | AH93: Week 10 | AI93: 1372 | AJ93: 2026/03/31 | AK93: 20260314 | AL93: 20260314 | AM93: 1372 | AN93: 3397 | AO93: 46053.814 | AP93: 46095 | AQ93: 46095 | AR93: 2026/03/31 | AS93: 1372 | AT93: P3A1 | AU93: 92 | AV93: e519a11ebf634ab69b0a4744a60039a5 | AW93: 92
A94: QCO | B94: 93 | C94: MER IM HB BAG | D94: S2662LHME225 | E94: MER IM HB BAG | F94: KE6058-BLACK-FW26 | G94: P3A1 | H94: 2026 | I94: W06 | J94: 769 | K94: 93 | L94: 1750 | M94: P3A1 | N94: LINE04 | O94: AD-ADI-B192 | P94: Main Order | R94: ADIB041 | S94: RGL | T94: 002 | U94: 003 | V94: P_ADI-B192_1_ADIB041RGL002003_01 | W94: Not Scheduled | Y94: 2026/01/10 | Z94: 2026/01/31 | AA94: 0.76 | AE94: 2026-10 | AF94: 22190864 | AG94: 93 | AH94: Week 10 | AI94: 259 | AJ94: 2026/03/31 | AK94: 20260314 | AL94: 20260314 | AM94: 259 | AN94: 3404 | AO94: 46053.814 | AP94: 46095 | AQ94: 46095 | AR94: 2026/03/31 | AS94: 259 | AT94: P3A1 | AU94: 93 | AV94: e519a11ebf634ab69b0a4744a60039a5 | AW94: 93
A95: QCO | B95: 94 | C95: TRX TRL VST 5L | D95: S2615BA1306U-S | E95: TRX TRL VST 5L | F95: KC5015-WONDER ALUMINA S25-FW26 | G95: P3A1 | H95: 2026 | I95: W06 | J95: 805 | K95: 94 | L95: 218 | M95: P3A1 | N95: LINE09 | O95: AD-ADI-B143 | P95: Main Order | R95: ADIB290 | S95: RGL | T95: 002 | U95: 001 | V95: P_ADI-B143_1_ADIB290RGL002001_01 | W95: Not Scheduled | Y95: 2025/12/15 | Z95: 2026/01/31 | AA95: 86.8 | AE95: 2026-10 | AF95: 22190864 | AG95: 94 | AH95: Week 10 | AI95: 22 | AJ95: 2026/04/15 | AK95: 20260314 | AL95: 20260314 | AM95: 22 | AN95: 3440 | AO95: 46053.815 | AP95: 46095 | AQ95: 46095 | AR95: 2026/04/15 | AS95: 22 | AT95: P3A1 | AU95: 94 | AV95: e519a11ebf634ab69b0a4744a60039a5 | AW95: 94
A96: QCO | B96: 95 | C96: TRX TRL VST 5L | D96: S2615BA1306U-XS | E96: TRX TRL VST 5L | F96: KC5015-WONDER ALUMINA S25-FW26 | G96: P3A1 | H96: 2026 | I96: W06 | J96: 808 | K96: 95 | L96: 219 | M96: P3A1 | N96: LINE09 | O96: AD-ADI-B143 | P96: Main Order | R96: ADIB287 | S96: RGL | T96: 002 | U96: 001 | V96: P_ADI-B143_1_ADIB287RGL002001_01 | W96: Not Scheduled | Y96: 2025/12/15 | Z96: 2026/01/31 | AA96: 86.48 | AE96: 2026-10 | AF96: 22190864 | AG96: 95 | AH96: Week 10 | AI96: 13 | AJ96: 2026/04/15 | AK96: 20260314 | AL96: 20260314 | AM96: 13 | AN96: 3443 | AO96: 46053.815 | AP96: 46095 | AQ96: 46095 | AR96: 2026/04/15 | AS96: 13 | AT96: P3A1 | AU96: 95 | AV96: e519a11ebf634ab69b0a4744a60039a5 | AW96: 95
A97: QCO | B97: 96 | C97: TRX TRL VST 5L | D97: S2615BA1306U-XXS | E97: TRX TRL VST 5L | F97: KC5015-WONDER ALUMINA S25-FW26 | G97: P3A1 | H97: 2026 | I97: W06 | J97: 815 | K97: 96 | L97: 1775 | M97: P3A1 | N97: LINE09 | O97: AD-ADI-B143 | P97: Main Order | R97: ADIB567 | S97: RGL | T97: 002 | U97: 001 | V97: P_ADI-B143_1_ADIB567RGL002001_01 | W97: Not Scheduled | Y97: 2025/12/15 | Z97: 2026/01/31 | AA97: 70.31 | AE97: 2026-10 | AF97: 22190864 | AG97: 96 | AH97: Week 10 | AI97: 10 | AJ97: 2026/04/15 | AK97: 20260314 | AL97: 20260314 | AM97: 10 | AN97: 3450 | AO97: 46053.815 | AP97: 46095 | AQ97: 46095 | AR97: 2026/04/15 | AS97: 10 | AT97: P3A1 | AU97: 96 | AV97: e519a11ebf634ab69b0a4744a60039a5 | AW97: 96
A98: QCO | B98: 97 | C98: TRX XPR WST PK | D98: S2615BA1312U | E98: TRX XPR WST PK | F98: JY7577-CARBON S18-FW26 | G98: P3A1 | H98: 2026 | I98: W06 | J98: 823 | K98: 97 | L98: 1782 | M98: P3A1 | N98: LINE12 | O98: AD-ADI-B143 | P98: Main Order | R98: ADIB087 | S98: RGL | T98: 003 | U98: 001 | V98: P_ADI-B143_1_ADIB087RGL003001_01 | W98: Not Scheduled | Y98: 2025/12/15 | Z98: 2026/01/31 | AA98: 20.66 | AE98: 2026-10 | AF98: 22190864 | AG98: 97 | AH98: Week 10 | AI98: 130 | AJ98: 2026/04/15 | AK98: 20260314 | AL98: 20260314 | AM98: 130 | AN98: 3458 | AO98: 46053.815 | AP98: 46095 | AQ98: 46095 | AR98: 2026/04/15 | AS98: 130 | AT98: P3A1 | AU98: 97 | AV98: e519a11ebf634ab69b0a4744a60039a5 | AW98: 97
A99: QCO | B99: 98 | C99: MR TOTE | D99: TXU6103S26OG | E99: MR TOTE | F99: KF8437_COURT GREEN_FW26 | G99: P3A1 | H99: 2026 | I99: W06 | J99: 845 | K99: 98 | L99: 1824 | M99: P3A1 | N99: LINE05 | O99: AD-AGF-0505 | P99: Main Order | R99: AGF0478 | S99: RGL | T99: 003 | U99: 001 | V99: P_AGF-0505_1_AGF0478RGL003001_01 | W99: Not Scheduled | Y99: 2025/12/20 | Z99: 2026/01/31 | AA99: 1.11 | AE99: 2026-10 | AF99: 22190864 | AG99: 98 | AH99: Week 10 | AI99: 300 | AJ99: 2026/04/15 | AK99: 20260314 | AL99: 20260314 | AM99: 300 | AN99: 3480 | AO99: 46053.815 | AP99: 46095 | AQ99: 46095 | AR99: 2026/04/15 | AS99: 300 | AT99: P3A1 | AU99: 98 | AV99: e519a11ebf634ab69b0a4744a60039a5 | AW99: 98
A100: QCO | B100: 99 | C100: MER IM HB BAG | D100: S2662LHME225 | E100: MER IM HB BAG | F100: KE6058-BLACK-FW26 | G100: P3A1 | H100: 2026 | I100: W06 | J100: 919 | K100: 99 | L100: 1841 | M100: P3A1 | N100: LINE04 | O100: AD-ADI-B156 | P100: Sample Order | R100: ADIB041 | S100: RGL | T100: 002 | U100: 003 | V100: P_ADI-B156_1_ADIB041RGL002003_01 | W100: Not Scheduled | Y100: 2025/12/20 | Z100: 2026/01/31 | AA100: 0.87 | AE100: 2026-10 | AF100: 22190864 | AG100: 99 | AH100: Week 10 | AI100: 1 | AJ100: 2026/04/28 | AK100: 20260314 | AL100: 20260314 | AM100: 1 | AN100: 3554 | AO100: 46053.816 | AP100: 46095 | AQ100: 46095 | AR100: 2026/04/28 | AS100: 1 | AT100: P3A1 | AU100: 99 | AV100: e519a11ebf634ab69b0a4744a60039a5 | AW100: 99
... A115: QCO | B115: 114 | C115: TRX TRL VST 5L | D115: S2615BA1306U-XS | E115: TRX TRL VST 5L | F115: KC5015-WONDER ALUMINA S25-FW26 | G115: P3A1 | H115: 2026 | I115: W06 | J115: 1395 | K115: 114 | L115: 229 | M115: P3A1 | N115: 2 | O115: AD-ADI-B210 | P115: Main Order | R115: ADIB287 | S115: RGL | T115: 002 | U115: 001 | V115: P_ADI-B210_1_ADIB287RGL002001_01 | W115: Not Scheduled | Y115: 2026/01/24 | Z115: 2026/01/31 | AA115: 0 | AE115: 2026-10 | AF115: 22190864 | AG115: 114 | AH115: Week 10 | AI115: 31 | AJ115: 2026/08/07 | AK115: 20260318 | AL115: 20260319 | AM115: 31 | AN115: 4030 | AO115: 46053.822 | AP115: 46099 | AQ115: 46100 | AR115: 2026/08/07 | AS115: 31 | AT115: P3A1 | AU115: 114 | AV115: e519a11ebf634ab69b0a4744a60039a5 | AW115: 114
A116: QCO | B116: 115 | C116: CITY TECH TOTE | D116: F2615BA004CT | E116: CITY TECH TOTE | F116: KG3182-KHAKI SIX F26-FW26 | G116: P3A1 | H116: 2026 | I116: W06 | J116: 55 | K116: 115 | L116: 306 | M116: P3A1 | N116: LINE08 | O116: AD-ADI-B086 | P116: Main Order | R116: ADIB139 | S116: RGL | T116: 001 | U116: 003 | V116: P_ADI-B086_1_ADIB139RGL001003_02 | W116: Fully Scheduled | X116: P3A1-2512-000000209 | Y116: 2025/11/15 | Z116: 2026/01/31 | AA116: 94.98 | AE116: 2026-10 | AF116: 22190864 | AG116: 115 | AH116: Week 10 | AI116: 573 | AJ116: 2026/02/15 | AK116: 20260127 | AL116: 20260128 | AM116: 1090 | AN116: 2690 | AO116: 46053.774 | AP116: 46049 | AQ116: 46050 | AR116: 2026/02/15 | AS116: 573 | AT116: P3A1 | AU116: 115 | AV116: e519a11ebf634ab69b0a4744a60039a5 | AW116: 115
A117: QCO | B117: 116 | C117: CITY TECH TOTE | D117: F2615BA004CT | E117: CITY TECH TOTE | F117: KG3182-KHAKI SIX F26-FW26 | G117: P3A1 | H117: 2026 | I117: W06 | J117: 56 | K117: 116 | L117: 305 | M117: P3A1 | N117: LINE08 | O117: AD-ADI-B086 | P117: Main Order | R117: ADIB139 | S117: RGL | T117: 001 | U117: 003 | V117: P_ADI-B086_1_ADIB139RGL001003_01 | W117: Fully Scheduled | X117: P3A1-2512-000000208 | Y117: 2025/11/15 | Z117: 2026/01/31 | AA117: 94.98 | AE117: 2026-10 | AF117: 22190864 | AG117: 116 | AH117: Week 10 | AI117: 517 | AJ117: 2026/02/15 | AK117: 20260124 | AL117: 20260127 | AM117: 1090 | AN117: 2691 | AO117: 46053.774 | AP117: 46046 | AQ117: 46049 | AR117: 2026/02/15 | AS117: 517 | AT117: P3A1 | AU117: 116 | AV117: e519a11ebf634ab69b0a4744a60039a5 | AW117: 116
A118: QCO | B118: 117 | C118: CITY TECH TOTE | D118: F2615BA004CT | E118: CITY TECH TOTE | F118: KG3182-KHAKI SIX F26-FW26 | G118: P3A1 | H118: 2026 | I118: W06 | J118: 61 | K118: 117 | L118: 307 | M118: P3A1 | N118: LINE07 | O118: AD-ADI-B117 | P118: Main Order | R118: ADIB139 | S118: RGL | T118: 001 | U118: 003 | V118: P_ADI-B117_1_ADIB139RGL001003_01 | W118: Fully Scheduled | X118: P3A1-2512-000000212 | Y118: 2025/12/01 | Z118: 2026/01/31 | AA118: 47.77 | AE118: 2026-10 | AF118: 22190864 | AG118: 117 | AH118: Week 10 | AI118: 55 | AJ118: 2026/02/28 | AK118: 20260124 | AL118: 20260124 | AM118: 55 | AN118: 2696 | AO118: 46053.774 | AP118: 46046 | AQ118: 46046 | AR118: 2026/02/28 | AS118: 55 | AT118: P3A1 | AU118: 117 | AV118: e519a11ebf634ab69b0a4744a60039a5 | AW118: 117
A119: QCO | B119: 118 | C119: CITY TECH TOTE | D119: F2615BA004CT | E119: CITY TECH TOTE | F119: KS2051-BLACK-FW26 | G119: P3A1 | H119: 2026 | I119: W06 | J119: 66 | K119: 118 | L119: 310 | M119: P3A1 | N119: LINE07 | O119: AD-ADI-B117 | P119: Main Order | R119: ADIB139 | S119: RGL | T119: 002 | U119: 003 | V119: P_ADI-B117_1_ADIB139RGL002003_01 | W119: Fully Scheduled | X119: P3A1-2512-000000213 | Y119: 2025/12/01 | Z119: 2026/01/31 | AA119: 93.88 | AE119: 2026-10 | AF119: 22190864 | AG119: 118 | AH119: Week 10 | AI119: 823 | AJ119: 2026/02/28 | AK119: 20260130 | AL119: 20260131 | AM119: 823 | AN119: 2701 | AO119: 46053.774 | AP119: 46052 | AQ119: 46053 | AR119: 2026/02/28 | AS119: 823 | AT119: P3A1 | AU119: 118 | AV119: e519a11ebf634ab69b0a4744a60039a5 | AW119: 118
A120: QCO | B120: 119 | C120: CITY TECH TOTE | D120: F2615BA004CT | E120: CITY TECH TOTE | F120: KS2051-BLACK-FW26 | G120: P3A1 | H120: 2026 | I120: W06 | J120: 69 | K120: 119 | L120: 311 | M120: P3A1 | N120: LINE07 | O120: AD-ADI-B118 | P120: Main Order | R120: ADIB139 | S120: RGL | T120: 002 | U120: 003 | V120: P_ADI-B118_1_ADIB139RGL002003_01 | W120: Fully Scheduled | X120: P3A1-2601-000000078 | Y120: 2025/12/01 | Z120: 2026/01/31 | AA120: 93.88 | AE120: 2026-10 | AF120: 22190864 | AG120: 119 | AH120: Week 10 | AI120: 331 | AJ120: 2026/03/07 | AK120: 20260129 | AL120: 20260129 | AM120: 596 | AN120: 2704 | AO120: 46053.774 | AP120: 46051 | AQ120: 46051 | AR120: 2026/03/07 | AS120: 331 | AT120: P3A1 | AU120: 119 | AV120: e519a11ebf634ab69b0a4744a60039a5 | AW120: 119
A121: QCO | B121: 120 | C121: CITY TECH TOTE | D121: F2615BA004CT | E121: CITY TECH TOTE | F121: KS2051-BLACK-FW26 | G121: P3A1 | H121: 2026 | I121: W06 | J121: 70 | K121: 120 | L121: 312 | M121: P3A1 | N121: LINE20 | O121: AD-ADI-B118 | P121: Main Order | R121: ADIB139 | S121: RGL | T121: 002 | U121: 003 | V121: P_ADI-B118_1_ADIB139RGL002003_02 | W121: Fully Scheduled | X121: P3B1-2602-000000003 | Y121: 2025/12/01 | Z121: 2026/01/31 | AA121: 93.87 | AE121: 2026-10 | AF121: 22190864 | AG121: 120 | AH121: Week 10 | AI121: 265 | AJ121: 2026/03/07 | AK121: 20260313 | AL121: 20260313 | AM121: 596 | AN121: 2705 | AO121: 46053.774 | AP121: 46094 | AQ121: 46094 | AR121: 2026/03/07 | AS121: 265 | AT121: P3B1 | AU121: 120 | AV121: e519a11ebf634ab69b0a4744a60039a5 | AW121: 120
A122: QCO | B122: 121 | C122: CITY TECH TOTE | D122: F2615BA004CT | E122: CITY TECH TOTE | F122: KS2051-BLACK-FW26 | G122: P3A1 | H122: 2026 | I122: W06 | J122: 71 | K122: 121 | L122: 313 | M122: P3A1 | N122: LINE20 | O122: AD-ADI-B118 | P122: Main Order | R122: ADIB139 | S122: RGL | T122: 002 | U122: 003 | V122: P_ADI-B118_2_ADIB139RGL002003_01 | W122: Fully Scheduled | X122: P3B1-2602-000000002 | Y122: 2025/12/01 | Z122: 2026/01/31 | AA122: 93.88 | AE122: 2026-10 | AF122: 22190864 | AG122: 121 | AH122: Week 10 | AI122: 226 | AJ122: 2026/04/15 | AK122: 20260312 | AL122: 20260312 | AM122: 226 | AN122: 2706 | AO122: 46053.774 | AP122: 46093 | AQ122: 46093 | AR122: 2026/04/15 | AS122: 226 | AT122: P3B1 | AU122: 121 | AV122: e519a11ebf634ab69b0a4744a60039a5 | AW122: 121
A123: QCO | B123: 122 | C123: CITY TECH TOTE | D123: F2615BA004CT | E123: CITY TECH TOTE | F123: KS2051-BLACK-FW26 | G123: P3A1 | H123: 2026 | I123: W06 | J123: 79 | K123: 122 | L123: 314 | M123: P3A1 | N123: LINE07 | O123: AD-ADI-B087 | P123: Main Order | R123: ADIB139 | S123: RGL | T123: 002 | U123: 003 | V123: P_ADI-B087_1_ADIB139RGL002003_01 | W123: Fully Scheduled | X123: P3A1-2601-000000080 | Y123: 2025/11/15 | Z123: 2026/01/31 | AA123: 94.67 | AE123: 2026-10 | AF123: 22190864 | AG123: 122 | AH123: Week 10 | AI123: 152 | AJ123: 2026/03/07 | AK123: 20260203 | AL123: 20260203 | AM123: 152 | AN123: 2714 | AO123: 46053.774 | AP123: 46056 | AQ123: 46056 | AR123: 2026/03/07 | AS123: 152 | AT123: P3A1 | AU123: 122 | AV123: e519a11ebf634ab69b0a4744a60039a5 | AW123: 122
A124: QCO | B124: 123 | C124: CITY TECH TOTE | D124: F2615BA004CT | E124: CITY TECH TOTE | F124: KG3182-KHAKI SIX F26-FW26 | G124: P3A1 | H124: 2026 | I124: W06 | J124: 80 | K124: 123 | L124: 315 | M124: P3A1 | N124: LINE07 | O124: AD-ADI-B087 | P124: Main Order | R124: ADIB139 | S124: RGL | T124: 001 | U124: 003 | V124: P_ADI-B087_1_ADIB139RGL001003_01 | W124: Fully Scheduled | X124: P3A1-2601-000000079 | Y124: 2025/11/15 | Z124: 2026/01/31 | AA124: 94.45 | AE124: 2026-10 | AF124: 22190864 | AG124: 123 | AH124: Week 10 | AI124: 127 | AJ124: 2026/03/07 | AK124: 20260203 | AL124: 20260203 | AM124: 127 | AN124: 2715 | AO124: 46053.774 | AP124: 46056 | AQ124: 46056 | AR124: 2026/03/07 | AS124: 127 | AT124: P3A1 | AU124: 123 | AV124: e519a11ebf634ab69b0a4744a60039a5 | AW124: 123
A125: QCO | B125: 124 | C125: CITY TECH TOTE | D125: F2615BA004CT | E125: CITY TECH TOTE | F125: KG3182-KHAKI SIX F26-FW26 | G125: P3A1 | H125: 2026 | I125: W06 | J125: 281 | K125: 124 | L125: 317 | M125: P3A1 | N125: LINE17 | O125: AD-ADI-B088 | P125: Sample Order | R125: ADIB139 | S125: RGL | T125: 001 | U125: 003 | V125: P_ADI-B088_1_ADIB139RGL001003_01 | W125: Fully Scheduled | X125: P3A1-2512-000000215 | Y125: 2025/11/15 | Z125: 2026/01/31 | AA125: 5.69 | AE125: 2026-10 | AF125: 22190864 | AG125: 124 | AH125: Week 10 | AI125: 1 | AJ125: 2026/02/15 | AK125: 20251213 | AL125: 20251213 | AM125: 1 | AN125: 2916 | AO125: 46053.777 | AP125: 46004 | AQ125: 46004 | AR125: 2026/02/15 | AS125: 1 | AT125: P3A1 | AU125: 124 | AV125: e519a11ebf634ab69b0a4744a60039a5 | AW125: 124
A126: QCO | B126: 125 | C126: CITY TECH TOTE | D126: F2615BA004CT | E126: CITY TECH TOTE | F126: KS2051-BLACK-SS27 | G126: P3A1 | H126: 2026 | I126: W06 | J126: 489 | K126: 125 | L126: 327 | M126: P3A1 | N126: LINE17 | O126: AD-ADI-B180 | P126: Sample Order | R126: ADIB139 | S126: RGL | T126: 005 | U126: 001 | V126: P_ADI-B180_1_ADIB139RGL005001_01 | W126: Not Scheduled | Y126: 2026/01/12 | Z126: 2026/01/31 | AA126: 48.95 | AE126: 2026-10 | AF126: 22190864 | AG126: 125 | AH126: Week 10 | AI126: 11 | AJ126: 2026/03/12 | AK126: 20260226 | AL126: 20260226 | AM126: 11 | AN126: 3124 | AO126: 46053.811 | AP126: 46079 | AQ126: 46079 | AR126: 2026/03/12 | AS126: 11 | AT126: P3A1 | AU126: 125 | AV126: e519a11ebf634ab69b0a4744a60039a5 | AW126: 125
A127: QCO | B127: 126 | C127: CITY TECH TOTE | D127: F2615BA004CT | E127: CITY TECH TOTE | F127: LC6806-SILVER BLUE S27-SS27 | G127: P3A1 | H127: 2026 | I127: W06 | J127: 535 | K127: 126 | L127: 325 | M127: P3A1 | N127: LINE17 | O127: AD-ADI-B180 | P127: Sample Order | R127: ADIB139 | S127: RGL | T127: 003 | U127: 001 | V127: P_ADI-B180_1_ADIB139RGL003001_01 | W127: Not Scheduled | Y127: 2026/01/12 | Z127: 2026/01/31 | AA127: 3.55 | AE127: 2026-10 | AF127: 22190864 | AG127: 126 | AH127: Week 10 | AI127: 31 | AJ127: 2026/03/12 | AK127: 20260226 | AL127: 20260226 | AM127: 31 | AN127: 3170 | AO127: 46053.812 | AP127: 46079 | AQ127: 46079 | AR127: 2026/03/12 | AS127: 31 | AT127: P3A1 | AU127: 126 | AV127: e519a11ebf634ab69b0a4744a60039a5 | AW127: 126
...

Sheet Sheet1
A1: QCOSOURCE | B1: RANKING | C1: STYLENAME | D1: BUYERSTYLECODE | E1: BUYERSTYLENAME | F1: STYLECOLORWAYS | G1: QCOFACTORY | H1: QCOYEAR | I1: QCOWEEKNO | J1: QCORANK | K1: CUSTOMRANKING | L1: PRECUSTOMRANK | M1: FACTORY | N1: LINENO | O1: AONO | P1: ADTYPENAME | Q1: BUYER | R1: STYLECODE | S1: STYLESIZE | T1: STYLECOLORSERIAL | U1: REVNO | V1: PRDPKG | W1: MES_SCHEDULING_STATUS | X1: PACKAGEGROUP | Y1: CONFIRMDATE_FACTORY | Z1: CREATEDATE | AA1: NORMALIZEDPERCENT | AB1: QCOSTARTDATE | AC1: CHANGEQCORANK | AD1: REASON | AE1: PRDWEEK | AF1: PREVIOUSCHANGEBY | AG1: PREVIOUSCHANGEQCORANK | AH1: PREVIOUSREASON | AI1: PLANQTY | AJ1: DELIVERYDATE | AK1: PRDSDAT | AL1: PRDEDAT | AM1: ORDQTY | AN1: QCORANKINGNEW | AO1: LATESTQCOTIME | AP1: AOPRDSDAT | AQ1: AOPRDEDAT | AR1: AODELIVERYDATE | AS1: AOPLANQTY | AT1: CHANGEFACTORY | AU1: CHANGEQCORANKSHOW | AV1: QCOVERSION | AW1: MYROWSEQ
A2: QCO | B2: 16 | C2: TRX TRL VST 5L | D2: S2615BA1306U-M | E2: TRX TRL VST 5L | F2: JY7572-TRACE BROWN S17-FW26 | G2: P3A1 | H2: 2026 | I2: W06 | J2: 153 | K2: 16 | L2: 161 | M2: P3A1 | N2: LINE09 | O2: AD-ADI-B117 | P2: Main Order | R2: ADIB291 | S2: RGL | T2: 001 | U2: 002 | V2: P_ADI-B117_1_ADIB291RGL001002_01 | W2: Fully Scheduled | X2: P3A1-2512-000000167 | Y2: 2025/12/01 | Z2: 2026/01/31 | AA2: 94.76 | AB2: 20260319 | AC2: 130 | AD2: Week 11 | AE2: 2026-11 | AF2: 22190864 | AG2: 16 | AH2: Week 10 | AI2: 70 | AJ2: 2026/02/28 | AK2: 20260224 | AL2: 20260224 | AM2: 70 | AN2: 2788 | AO2: 46053.775 | AP2: 46077 | AQ2: 46077 | AR2: 2026/02/28 | AS2: 70 | AT2: P3A1 | AU2: 16 | AV2: e519a11ebf634ab69b0a4744a60039a5 | AW2: 16
A3: QCO | B3: 17 | C3: TRX TRL VST 5L | D3: S2615BA1306U-M | E3: TRX TRL VST 5L | F3: KC5015-WONDER ALUMINA S25-FW26 | G3: P3A1 | H3: 2026 | I3: W06 | J3: 168 | K3: 17 | L3: 162 | M3: P3A1 | N3: LINE09 | O3: AD-ADI-B117 | P3: Main Order | R3: ADIB291 | S3: RGL | T3: 002 | U3: 002 | V3: P_ADI-B117_1_ADIB291RGL002002_01 | W3: Fully Scheduled | X3: P3A1-2512-000000178 | Y3: 2025/12/01 | Z3: 2026/01/31 | AA3: 95.1 | AB3: 20260319 | AC3: 131 | AD3: Week 11 | AE3: 2026-11 | AF3: 22190864 | AG3: 17 | AH3: Week 10 | AI3: 66 | AJ3: 2026/02/28 | AK3: 20260225 | AL3: 20260225 | AM3: 66 | AN3: 2803 | AO3: 46053.775 | AP3: 46078 | AQ3: 46078 | AR3: 2026/02/28 | AS3: 66 | AT3: P3A1 | AU3: 17 | AV3: e519a11ebf634ab69b0a4744a60039a5 | AW3: 17
A4: QCO | B4: 18 | C4: TRX TRL VST 5L | D4: S2615BA1306U-M | E4: TRX TRL VST 5L | F4: KC5015-WONDER ALUMINA S25-FW26 | G4: P3A1 | H4: 2026 | I4: W06 | J4: 180 | K4: 18 | L4: 164 | M4: P3A1 | N4: LINE09 | O4: AD-ADI-B118 | P4: Main Order | R4: ADIB291 | S4: RGL | T4: 002 | U4: 002 | V4: P_ADI-B118_1_ADIB291RGL002002_02 | W4: Fully Scheduled | X4: P3A1-2512-000000169 | Y4: 2025/12/01 | Z4: 2026/01/31 | AA4: 94.61 | AB4: 20260319 | AC4: 132 | AD4: Week 11 | AE4: 2026-11 | AF4: 22190864 | AG4: 18 | AH4: Week 10 | AI4: 180 | AJ4: 2026/03/15 | AK4: 20260225 | AL4: 20260225 | AM4: 508 | AN4: 2815 | AO4: 46053.776 | AP4: 46078 | AQ4: 46078 | AR4: 2026/03/15 | AS4: 180 | AT4: P3A1 | AU4: 18 | AV4: e519a11ebf634ab69b0a4744a60039a5 | AW4: 18
A5: QCO | B5: 26 | C5: TRX TRL VST 5L | D5: S2615BA1306U-M | E5: TRX TRL VST 5L | F5: KC5015-WONDER ALUMINA S25-FW26 | G5: P3A1 | H5: 2026 | I5: W06 | J5: 215 | K5: 26 | L5: 166 | M5: P3A1 | N5: LINE09 | O5: AD-ADI-B118 | P5: Main Order | R5: ADIB291 | S5: RGL | T5: 002 | U5: 002 | V5: P_ADI-B118_1_ADIB291RGL002002_01 | W5: Fully Scheduled | X5: P3A1-2512-000000181 | Y5: 2025/12/01 | Z5: 2026/01/31 | AA5: 94.59 | AB5: 20260319 | AC5: 133 | AD5: Week 11 | AE5: 2026-11 | AF5: 22190864 | AG5: 26 | AH5: Week 10 | AI5: 328 | AJ5: 2026/03/15 | AK5: 20260225 | AL5: 20260226 | AM5: 508 | AN5: 2850 | AO5: 46053.776 | AP5: 46078 | AQ5: 46079 | AR5: 2026/03/15 | AS5: 328 | AT5: P3A1 | AU5: 26 | AV5: e519a11ebf634ab69b0a4744a60039a5 | AW5: 26
A6: QCO | B6: 27 | C6: TRX TRL VST 5L | D6: S2615BA1306U-M | E6: TRX TRL VST 5L | F6: KC5015-WONDER ALUMINA S25-FW26 | G6: P3A1 | H6: 2026 | I6: W06 | J6: 226 | K6: 27 | L6: 167 | M6: P3A1 | N6: LINE09 | O6: AD-ADI-B118 | P6: Main Order | R6: ADIB291 | S6: RGL | T6: 002 | U6: 002 | V6: P_ADI-B118_2_ADIB291RGL002002_01 | W6: Fully Scheduled | X6: P3A1-2512-000000175 | Y6: 2025/12/01 | Z6: 2026/01/31 | AA6: 94.56 | AB6: 20260319 | AC6: 134 | AD6: Week 11 | AE6: 2026-11 | AF6: 22190864 | AG6: 27 | AH6: Week 10 | AI6: 68 | AJ6: 2026/04/15 | AK6: 20260225 | AL6: 20260225 | AM6: 68 | AN6: 2861 | AO6: 46053.776 | AP6: 46078 | AQ6: 46078 | AR6: 2026/04/15 | AS6: 68 | AT6: P3A1 | AU6: 27 | AV6: e519a11ebf634ab69b0a4744a60039a5 | AW6: 27
A7: QCO | B7: 30 | C7: TRX TRL VST 5L | D7: S2615BA1306U-M | E7: TRX TRL VST 5L | F7: KC5015-WONDER ALUMINA S25-FW26 | G7: P3A1 | H7: 2026 | I7: W06 | J7: 729 | K7: 30 | L7: 168 | M7: P3A1 | N7: LINE09 | O7: AD-ADI-B142 | P7: Main Order | R7: ADIB291 | S7: RGL | T7: 002 | U7: 002 | V7: P_ADI-B142_1_ADIB291RGL002002_01 | W7: Not Scheduled | Y7: 2025/12/15 | Z7: 2026/01/31 | AA7: 87.13 | AB7: 20260319 | AC7: 135 | AD7: Week 11 | AE7: 2026-11 | AF7: 22190864 | AG7: 30 | AH7: Week 10 | AI7: 264 | AJ7: 2026/03/31 | AK7: 20260313 | AL7: 20260314 | AM7: 264 | AN7: 3364 | AO7: 46053.814 | AP7: 46094 | AQ7: 46095 | AR7: 2026/03/31 | AS7: 264 | AT7: P3A1 | AU7: 30 | AV7: e519a11ebf634ab69b0a4744a60039a5 | AW7: 30
A8: QCO | B8: 32 | C8: TRX TRL VST 5L | D8: S2615BA1306U-M | E8: TRX TRL VST 5L | F8: KC5015-WONDER ALUMINA S25-FW26 | G8: P3A1 | H8: 2026 | I8: W06 | J8: 822 | K8: 32 | L8: 171 | M8: P3A1 | N8: LINE09 | O8: AD-ADI-B143 | P8: Main Order | R8: ADIB291 | S8: RGL | T8: 002 | U8: 002 | V8: P_ADI-B143_1_ADIB291RGL002002_01 | W8: Not Scheduled | Y8: 2025/12/15 | Z8: 2026/01/31 | AA8: 23.04 | AB8: 20260319 | AC8: 136 | AD8: Week 11 | AE8: 2026-11 | AF8: 22190864 | AG8: 32 | AH8: Week 10 | AI8: 43 | AJ8: 2026/04/15 | AK8: 20260314 | AL8: 20260314 | AM8: 43 | AN8: 3457 | AO8: 46053.815 | AP8: 46095 | AQ8: 46095 | AR8: 2026/04/15 | AS8: 43 | AT8: P3A1 | AU8: 32 | AV8: e519a11ebf634ab69b0a4744a60039a5 | AW8: 32
A9: QCO | B9: 36 | C9: TRX TRL VST 5L | D9: S2615BA1306U-M | E9: TRX TRL VST 5L | F9: KC5015-WONDER ALUMINA S25-FW26 | G9: P3A1 | H9: 2026 | I9: W06 | J9: 904 | K9: 36 | L9: 172 | M9: P3A1 | N9: 3 | O9: AD-ADI-B208 | P9: Main Order | R9: ADIB291 | S9: RGL | T9: 002 | U9: 002 | V9: P_ADI-B208_1_ADIB291RGL002002_01 | W9: Not Scheduled | Y9: 2026/01/24 | Z9: 2026/01/31 | AA9: 0 | AB9: 20260319 | AC9: 137 | AD9: Week 11 | AE9: 2026-11 | AF9: 22190864 | AG9: 36 | AH9: Week 10 | AI9: 2 | AJ9: 2026/04/20 | AK9: 20260302 | AL9: 20260303 | AM9: 2 | AN9: 3539 | AO9: 46053.816 | AP9: 46083 | AQ9: 46084 | AR9: 2026/04/20 | AS9: 2 | AT9: P3A1 | AU9: 36 | AV9: e519a11ebf634ab69b0a4744a60039a5 | AW9: 36
A10: QCO | B10: 37 | C10: TRX TRL VST 5L | D10: S2615BA1306U-M | E10: TRX TRL VST 5L | F10: KC5015-WONDER ALUMINA S25-FW26 | G10: P3A1 | H10: 2026 | I10: W06 | J10: 910 | K10: 37 | L10: 173 | M10: P3A1 | N10: LINE17 | O10: AD-ADI-B211 | P10: Sample Order | R10: ADIB291 | S10: RGL | T10: 002 | U10: 002 | V10: P_ADI-B211_1_ADIB291RGL002002_01 | W10: Not Scheduled | Y10: 2026/01/24 | Z10: 2026/01/31 | AA10: 0 | AB10: 20260319 | AC10: 138 | AD10: Week 11 | AE10: 2026-11 | AF10: 22190864 | AG10: 37 | AH10: Week 10 | AI10: 1 | AJ10: 2026/04/20 | AK10: 20260225 | AL10: 20260225 | AM10: 1 | AN10: 3545 | AO10: 46053.816 | AP10: 46078 | AQ10: 46078 | AR10: 2026/04/20 | AS10: 1 | AT10: P3A1 | AU10: 37 | AV10: e519a11ebf634ab69b0a4744a60039a5 | AW10: 37
A11: QCO | B11: 38 | C11: TRX TRL VST 5L | D11: S2615BA1306U-M | E11: TRX TRL VST 5L | F11: JY7572-TRACE BROWN S17-FW26 | G11: P3A1 | H11: 2026 | I11: W06 | J11: 1056 | K11: 38 | L11: 175 | M11: P3A1 | N11: LINE09 | O11: AD-ADI-B193 | P11: Main Order | R11: ADIB291 | S11: RGL | T11: 001 | U11: 002 | V11: P_ADI-B193_1_ADIB291RGL001002_01 | W11: Not Scheduled | Y11: 2026/01/10 | Z11: 2026/01/31 | AA11: 0 | AB11: 20260319 | AC11: 139 | AD11: Week 11 | AE11: 2026-11 | AF11: 22190864 | AG11: 38 | AH11: Week 10 | AI11: 278 | AJ11: 2026/04/30 | AK11: 20260411 | AL11: 20260411 | AM11: 278 | AN11: 3691 | AO11: 46053.818 | AP11: 46123 | AQ11: 46123 | AR11: 2026/04/30 | AS11: 278 | AT11: P3A1 | AU11: 38 | AV11: e519a11ebf634ab69b0a4744a60039a5 | AW11: 38
A12: QCO | B12: 45 | C12: TRX TRL VST 5L | D12: S2615BA1306U-M | E12: TRX TRL VST 5L | F12: KC5015-WONDER ALUMINA S25-FW26 | G12: P3A1 | H12: 2026 | I12: W06 | J12: 1169 | K12: 45 | L12: 176 | M12: P3A1 | N12: 2 | O12: AD-ADI-B209 | P12: Main Order | R12: ADIB291 | S12: RGL | T12: 002 | U12: 002 | V12: P_ADI-B209_1_ADIB291RGL002002_01 | W12: Not Scheduled | Y12: 2026/01/24 | Z12: 2026/01/31 | AA12: 0 | AB12: 20260319 | AC12: 140 | AD12: Week 11 | AE12: 2026-11 | AF12: 22190864 | AG12: 45 | AH12: Week 10 | AI12: 490 | AJ12: 2026/05/15 | AK12: 20260318 | AL12: 20260319 | AM12: 490 | AN12: 3804 | AO12: 46053.819 | AP12: 46099 | AQ12: 46100 | AR12: 2026/05/15 | AS12: 490 | AT12: P3A1 | AU12: 45 | AV12: e519a11ebf634ab69b0a4744a60039a5 | AW12: 45
A13: QCO | B13: 46 | C13: TRX TRL VST 5L | D13: S2615BA1306U-M | E13: TRX TRL VST 5L | F13: KC5015-WONDER ALUMINA S25-FW26 | G13: P3A1 | H13: 2026 | I13: W06 | J13: 1387 | K13: 46 | L13: 178 | M13: P3A1 | N13: LINE20 | O13: AD-ADI-B144 | P13: Main Order | R13: ADIB291 | S13: RGL | T13: 002 | U13: 002 | V13: P_ADI-B144_1_ADIB291RGL002002_01 | W13: Not Scheduled | Y13: 2025/12/15 | Z13: 2026/01/31 | AA13: 4.84 | AB13: 20260319 | AC13: 141 | AD13: Week 11 | AE13: 2026-11 | AF13: 22190864 | AG13: 46 | AH13: Week 10 | AI13: 55 | AJ13: 2026/08/07 | AK13: 20260509 | AL13: 20260509 | AM13: 55 | AN13: 4022 | AO13: 46053.822 | AP13: 46151 | AQ13: 46151 | AR13: 2026/08/07 | AS13: 55 | AT13: P3A1 | AU13: 46 | AV13: e519a11ebf634ab69b0a4744a60039a5 | AW13: 46
A14: QCO | B14: 47 | C14: TRX TRL VST 5L | D14: S2615BA1306U-M | E14: TRX TRL VST 5L | F14: KC5015-WONDER ALUMINA S25-FW26 | G14: P3A1 | H14: 2026 | I14: W06 | J14: 1392 | K14: 47 | L14: 180 | M14: P3A1 | N14: 2 | O14: AD-ADI-B210 | P14: Main Order | R14: ADIB291 | S14: RGL | T14: 002 | U14: 002 | V14: P_ADI-B210_1_ADIB291RGL002002_01 | W14: Not Scheduled | Y14: 2026/01/24 | Z14: 2026/01/31 | AA14: 0 | AB14: 20260319 | AC14: 142 | AD14: Week 11 | AE14: 2026-11 | AF14: 22190864 | AG14: 47 | AH14: Week 10 | AI14: 139 | AJ14: 2026/08/07 | AK14: 20260318 | AL14: 20260319 | AM14: 139 | AN14: 4027 | AO14: 46053.822 | AP14: 46099 | AQ14: 46100 | AR14: 2026/08/07 | AS14: 139 | AT14: P3A1 | AU14: 47 | AV14: e519a11ebf634ab69b0a4744a60039a5 | AW14: 47
A15: QCO | B15: 79 | C15: SKATEBOARDING CROSS BODY BAG | D15: S26AS6018 | E15: SKATEBOARDING CROSS BODY BAG | F15: KS6824-BLACK-FW26 | G15: P3A1 | H15: 2026 | I15: W06 | J15: 88 | K15: 79 | L15: 779 | M15: P3A1 | N15: LINE11 | O15: AD-ADI-B154 | P15: Main Order | R15: ADIA993 | S15: RGL | T15: 004 | U15: 002 | V15: P_ADI-B154_1_ADIA993RGL004002_01 | W15: Fully Scheduled | X15: P3A1-2512-000000301 | Y15: 2025/12/20 | Z15: 2026/01/31 | AA15: 5.31 | AB15: 20260316 | AC15: 1 | AD15: Week 11 | AE15: 2026-11 | AF15: 22190864 | AG15: 79 | AH15: Week 10 | AI15: 330 | AJ15: 2026/03/31 | AK15: 20260316 | AL15: 20260317 | AM15: 330 | AN15: 2723 | AO15: 46053.774 | AP15: 46097 | AQ15: 46098 | AR15: 2026/03/31 | AS15: 330 | AT15: P3A1 | AU15: 79 | AV15: e519a11ebf634ab69b0a4744a60039a5 | AW15: 79
A16: QCO | B16: 93 | C16: MER IM HB BAG | D16: S2662LHME225 | E16: MER IM HB BAG | F16: KE6058-BLACK-FW26 | G16: P3A1 | H16: 2026 | I16: W06 | J16: 769 | K16: 93 | L16: 1750 | M16: P3A1 | N16: LINE04 | O16: AD-ADI-B192 | P16: Main Order | R16: ADIB041 | S16: RGL | T16: 002 | U16: 003 | V16: P_ADI-B192_1_ADIB041RGL002003_01 | W16: Not Scheduled | Y16: 2026/01/10 | Z16: 2026/01/31 | AA16: 0.76 | AB16: 20260321 | AC16: 260 | AD16: Week 11 | AE16: 2026-11 | AF16: 22190864 | AG16: 93 | AH16: Week 10 | AI16: 259 | AJ16: 2026/03/31 | AK16: 20260314 | AL16: 20260314 | AM16: 259 | AN16: 3404 | AO16: 46053.814 | AP16: 46095 | AQ16: 46095 | AR16: 2026/03/31 | AS16: 259 | AT16: P3A1 | AU16: 93 | AV16: e519a11ebf634ab69b0a4744a60039a5 | AW16: 93
A17: QCO | B17: 99 | C17: MER IM HB BAG | D17: S2662LHME225 | E17: MER IM HB BAG | F17: KE6058-BLACK-FW26 | G17: P3A1 | H17: 2026 | I17: W06 | J17: 919 | K17: 99 | L17: 1841 | M17: P3A1 | N17: LINE04 | O17: AD-ADI-B156 | P17: Sample Order | R17: ADIB041 | S17: RGL | T17: 002 | U17: 003 | V17: P_ADI-B156_1_ADIB041RGL002003_01 | W17: Not Scheduled | Y17: 2025/12/20 | Z17: 2026/01/31 | AA17: 0.87 | AB17: 20260321 | AC17: 261 | AD17: Week 11 | AE17: 2026-11 | AF17: 22190864 | AG17: 99 | AH17: Week 10 | AI17: 1 | AJ17: 2026/04/28 | AK17: 20260314 | AL17: 20260314 | AM17: 1 | AN17: 3554 | AO17: 46053.816 | AP17: 46095 | AQ17: 46095 | AR17: 2026/04/28 | AS17: 1 | AT17: P3A1 | AU17: 99 | AV17: e519a11ebf634ab69b0a4744a60039a5 | AW17: 99
A18: QCO | B18: 100 | C18: SKATEBOARDING CROSS BODY BAG | D18: S26AS6018 | E18: SKATEBOARDING CROSS BODY BAG | F18: KE5758-TRACE KHAKI F17-SS26 | G18: P3A1 | H18: 2026 | I18: W06 | J18: 922 | K18: 100 | L18: 1844 | M18: P3A1 | N18: LINE11 | O18: AD-ADI-A814 | P18: Main Order | R18: ADIA993 | S18: RGL | T18: 002 | U18: 003 | V18: P_ADI-A814_1_ADIA993RGL002003_01 | W18: Not Scheduled | Y18: 2025/05/31 | Z18: 2026/01/31 | AA18: 92.58 | AB18: 20260316 | AC18: 2 | AD18: Week 11 | AE18: 2026-11 | AF18: 22190864 | AG18: 100 | AH18: Week 10 | AI18: 300 | AJ18: 2026/04/30 | AK18: 20260316 | AL18: 20260316 | AM18: 300 | AN18: 3557 | AO18: 46053.816 | AP18: 46097 | AQ18: 46097 | AR18: 2026/04/30 | AS18: 300 | AT18: P3A1 | AU18: 100 | AV18: e519a11ebf634ab69b0a4744a60039a5 | AW18: 100
A19: QCO | B19: 101 | C19: SKATEBOARDING CROSS BODY BAG | D19: S26AS6018 | E19: SKATEBOARDING CROSS BODY BAG | F19: KE5759-CARBON S18-SS26 | G19: P3A1 | H19: 2026 | I19: W06 | J19: 924 | K19: 101 | L19: 1845 | M19: P3A1 | N19: LINE11 | O19: AD-ADI-A814 | P19: Main Order | R19: ADIA993 | S19: RGL | T19: 001 | U19: 004 | V19: P_ADI-A814_1_ADIA993RGL001004_01 | W19: Not Scheduled | Y19: 2025/05/31 | Z19: 2026/01/31 | AA19: 90.33 | AB19: 20260316 | AC19: 3 | AD19: Week 11 | AE19: 2026-11 | AF19: 22190864 | AG19: 101 | AH19: Week 10 | AI19: 230 | AJ19: 2026/04/30 | AK19: 20260316 | AL19: 20260316 | AM19: 230 | AN19: 3559 | AO19: 46053.816 | AP19: 46097 | AQ19: 46097 | AR19: 2026/04/30 | AS19: 230 | AT19: P3A1 | AU19: 101 | AV19: e519a11ebf634ab69b0a4744a60039a5 | AW19: 101
A20: QCO | B20: 109 | C20: MER IM HB BAG | D20: S2662LHME225 | E20: MER IM HB BAG | F20: KE6058-BLACK-FW26 | G20: P3A1 | H20: 2026 | I20: W06 | J20: 1204 | K20: 109 | L20: 2073 | M20: P3A1 | N20: LINE19 | O20: AD-ADI-B155 | P20: Main Order | R20: ADIB041 | S20: RGL | T20: 002 | U20: 003 | V20: P_ADI-B155_1_ADIB041RGL002003_01 | W20: Not Scheduled | Y20: 2025/12/20 | Z20: 2026/01/31 | AA20: 0.43 | AB20: 20260321 | AC20: 262 | AD20: Week 11 | AE20: 2026-11 | AF20: 22190864 | AG20: 109 | AH20: Week 10 | AI20: 53 | AJ20: 2026/05/23 | AK20: 20260505 | AL20: 20260505 | AM20: 53 | AN20: 3839 | AO20: 46053.82 | AP20: 46147 | AQ20: 46147 | AR20: 2026/05/23 | AS20: 53 | AT20: P3A1 | AU20: 109 | AV20: e519a11ebf634ab69b0a4744a60039a5 | AW20: 109
A21: QCO | B21: 131 | C21: 4-W TROLLEY S | D21: S2615LHTR001HS | E21: 4-W TROLLEY S | F21: KW3604-BLACK-SS26 | G21: P3A1 | H21: 2026 | I21: W06 | J21: 7 | K21: 131 | L21: 671 | M21: P3A1 | N21: LINE13 | O21: AD-ADI-B116 | P21: Main Order | R21: ADIB377 | S21: RGL | T21: 001 | U21: 006 | V21: P_ADI-B116_1_ADIB377RGL001006_03 | W21: Fully Scheduled | X21: P3A1-2512-000000100 | Y21: 2025/11/28 | Z21: 2026/01/31 | AA21: 26.78 | AB21: 20260316 | AC21: 4 | AD21: Week 11 | AE21: 2026-11 | AF21: 22190864 | AG21: 131 | AH21: Week 10 | AI21: 407 | AJ21: 2026/02/28 | AK21: 20260121 | AL21: 20260123 | AM21: 1707 | AN21: 2642 | AO21: 46053.773 | AP21: 46043 | AQ21: 46045 | AR21: 2026/02/28 | AS21: 407 | AT21: P3A1 | AU21: 131 | AV21: e519a11ebf634ab69b0a4744a60039a5 | AW21: 131
A22: QCO | B22: 132 | C22: 4-W TROLLEY S | D22: S2615LHTR001HS | E22: 4-W TROLLEY S | F22: KW3604-BLACK-FW26 | G22: P3A1 | H22: 2026 | I22: W06 | J22: 8 | K22: 132 | L22: 672 | M22: P3A1 | N22: LINE13 | O22: AD-ADI-B116 | P22: Main Order | R22: ADIB377 | S22: RGL | T22: 002 | U22: 006 | V22: P_ADI-B116_1_ADIB377RGL002006_01 | W22: Fully Scheduled | X22: P3A1-2512-000000101 | Y22: 2025/11/28 | Z22: 2026/01/31 | AA22: 18.4 | AB22: 20260316 | AC22: 5 | AD22: Week 11 | AE22: 2026-11 | AF22: 22190864 | AG22: 132 | AH22: Week 10 | AI22: 90 | AJ22: 2026/03/15 | AK22: 20260123 | AL22: 20260123 | AM22: 90 | AN22: 2643 | AO22: 46053.773 | AP22: 46045 | AQ22: 46045 | AR22: 2026/03/15 | AS22: 90 | AT22: P3A1 | AU22: 132 | AV22: e519a11ebf634ab69b0a4744a60039a5 | AW22: 132
A23: QCO | B23: 133 | C23: 4-W TROLLEY S | D23: S2615LHTR001HS | E23: 4-W TROLLEY S | F23: KW3604-BLACK-SS26 | G23: P3A1 | H23: 2026 | I23: W06 | J23: 9 | K23: 133 | L23: 675 | M23: P3A1 | N23: LINE13 | O23: AD-ADI-B116 | P23: Main Order | R23: ADIB377 | S23: RGL | T23: 001 | U23: 006 | V23: P_ADI-B116_1_ADIB377RGL001006_02 | W23: Fully Scheduled | X23: P3A1-2512-000000099 | Y23: 2025/11/28 | Z23: 2026/01/31 | AA23: 24.67 | AB23: 20260316 | AC23: 6 | AD23: Week 11 | AE23: 2026-11 | AF23: 22190864 | AG23: 133 | AH23: Week 10 | AI23: 500 | AJ23: 2026/02/28 | AK23: 20260119 | AL23: 20260121 | AM23: 1707 | AN23: 2644 | AO23: 46053.773 | AP23: 46041 | AQ23: 46043 | AR23: 2026/02/28 | AS23: 500 | AT23: P3A1 | AU23: 133 | AV23: e519a11ebf634ab69b0a4744a60039a5 | AW23: 133
A24: QCO | B24: 134 | C24: 4-W TROLLEY S | D24: S2615LHTR001HS | E24: 4-W TROLLEY S | F24: KW3604-BLACK-FW26 | G24: P3A1 | H24: 2026 | I24: W06 | J24: 15 | K24: 134 | L24: 679 | M24: P3A1 | N24: LINE13 | O24: AD-ADI-B142 | P24: Main Order | R24: ADIB377 | S24: RGL | T24: 002 | U24: 007 | V24: P_ADI-B142_1_ADIB377RGL002007_01 | W24: Fully Scheduled | X24: P3A1-2512-000000279 | Y24: 2025/12/15 | Z24: 2026/01/31 | AA24: 14.2 | AB24: 20260316 | AC24: 7 | AD24: Week 11 | AE24: 2026-11 | AF24: 22190864 | AG24: 134 | AH24: Week 10 | AI24: 133 | AJ24: 2026/03/31 | AK24: 20260307 | AL24: 20260307 | AM24: 133 | AN24: 2650 | AO24: 46053.773 | AP24: 46088 | AQ24: 46088 | AR24: 2026/03/31 | AS24: 133 | AT24: P3A1 | AU24: 134 | AV24: e519a11ebf634ab69b0a4744a60039a5 | AW24: 134
A25: QCO | B25: 135 | C25: 4-W TROLLEY S | D25: S2615LHTR001HS | E25: 4-W TROLLEY S | F25: KW3604-BLACK-FW26 | G25: P3A1 | H25: 2026 | I25: W06 | J25: 16 | K25: 135 | L25: 682 | M25: P3A1 | N25: LINE13 | O25: AD-ADI-B049 | P25: Main Order | R25: ADIB377 | S25: RGL | T25: 002 | U25: 005 | V25: P_ADI-B049_1_ADIB377RGL002005_01 | W25: Fully Scheduled | X25: P3A1-2512-000000097 | Y25: 2025/10/31 | Z25: 2026/01/31 | AA25: 30.95 | AB25: 20260316 | AC25: 8 | AD25: Week 11 | AE25: 2026-11 | AF25: 22190864 | AG25: 135 | AH25: Week 10 | AI25: 800 | AJ25: 2026/03/07 | AK25: 20260304 | AL25: 20260307 | AM25: 2202 | AN25: 2651 | AO25: 46053.773 | AP25: 46085 | AQ25: 46088 | AR25: 2026/03/07 | AS25: 800 | AT25: P3A1 | AU25: 135 | AV25: e519a11ebf634ab69b0a4744a60039a5 | AW25: 135
A26: QCO | B26: 136 | C26: 4-W TROLLEY S | D26: S2615LHTR001HS | E26: 4-W TROLLEY S | F26: KW3604-BLACK-FW26 | G26: P3A1 | H26: 2026 | I26: W06 | J26: 54 | K26: 136 | L26: 747 | M26: P3A1 | N26: LINE13 | O26: AD-ADI-B049 | P26: Main Order | R26: ADIB377 | S26: RGL | T26: 002 | U26: 005 | V26: P_ADI-B049_1_ADIB377RGL002005_03 | W26: Fully Scheduled | X26: P3A1-2601-000000188 | Y26: 2025/10/31 | Z26: 2026/01/31 | AA26: 31.75 | AB26: 20260316 | AC26: 9 | AD26: Week 11 | AE26: 2026-11 | AF26: 22190864 | AG26: 136 | AH26: Week 10 | AI26: 551 | AJ26: 2026/03/07 | AK26: 20260312 | AL26: 20260313 | AM26: 2202 | AN26: 2689 | AO26: 46053.774 | AP26: 46093 | AQ26: 46094 | AR26: 2026/03/07 | AS26: 551 | AT26: P3A1 | AU26: 136 | AV26: e519a11ebf634ab69b0a4744a60039a5 | AW26: 136
A27: QCO | B27: 137 | C27: 4-W TROLLEY S | D27: S2615LHTR001HS | E27: 4-W TROLLEY S | F27: KW3604-BLACK-FW26 | G27: P3A1 | H27: 2026 | I27: W06 | J27: 418 | K27: 137 | L27: 1443 | M27: P3A1 | N27: LINE19 | O27: AD-ADI-B175 | P27: Early Order | R27: ADIB377 | S27: RGL | T27: 002 | U27: 010 | V27: P_ADI-B175_1_ADIB377RGL002010_02 | W27: Not Scheduled | Y27: 2025/12/31 | Z27: 2026/01/31 | AA27: 2.24 | AB27: 20260316 | AC27: 10 | AD27: Week 11 | AE27: 2026-11 | AF27: 22190864 | AG27: 137 | AH27: Week 10 | AI27: 400 | AJ27: 2026/02/28 | AK27: 20260506 | AL27: 20260506 | AM27: 600 | AN27: 3053 | AO27: 46053.81 | AP27: 46148 | AQ27: 46148 | AR27: 2026/02/28 | AS27: 400 | AT27: P3A1 | AU27: 137 | AV27: e519a11ebf634ab69b0a4744a60039a5 | AW27: 137
A28: QCO | B28: 138 | C28: 4-W TROLLEY S | D28: S2615LHTR001HS | E28: 4-W TROLLEY S | F28: KW3604-BLACK-FW26 | G28: P3A1 | H28: 2026 | I28: W06 | J28: 419 | K28: 138 | L28: 1444 | M28: P3A1 | N28: LINE20 | O28: AD-ADI-B175 | P28: Early Order | R28: ADIB377 | S28: RGL | T28: 002 | U28: 010 | V28: P_ADI-B175_1_ADIB377RGL002010_01 | W28: Not Scheduled | Y28: 2025/12/31 | Z28: 2026/01/31 | AA28: 2.24 | AB28: 20260316 | AC28: 11 | AD28: Week 11 | AE28: 2026-11 | AF28: 22190864 | AG28: 138 | AH28: Week 10 | AI28: 200 | AJ28: 2026/02/28 | AK28: 20260508 | AL28: 20260508 | AM28: 600 | AN28: 3054 | AO28: 46053.81 | AP28: 46150 | AQ28: 46150 | AR28: 2026/02/28 | AS28: 200 | AT28: P3A1 | AU28: 138 | AV28: e519a11ebf634ab69b0a4744a60039a5 | AW28: 138
A29: QCO | B29: 139 | C29: 4-W TROLLEY S | D29: S2615LHTR001HS | E29: 4-W TROLLEY S | F29: KW3604-BLACK-FW26 | G29: P3A1 | H29: 2026 | I29: W06 | J29: 426 | K29: 139 | L29: 1457 | M29: P3A1 | N29: LINE13 | O29: AD-ADI-B049 | P29: Main Order | R29: ADIB377 | S29: RGL | T29: 002 | U29: 005 | V29: P_ADI-B049_1_ADIB377RGL002005_04 | W29: Not Scheduled | Y29: 2025/10/31 | Z29: 2026/01/31 | AA29: 26.6 | AB29: 20260316 | AC29: 12 | AD29: Week 11 | AE29: 2026-11 | AF29: 22190864 | AG29: 139 | AH29: Week 10 | AI29: 634 | AJ29: 2026/03/07 | AK29: 20260313 | AL29: 20260316 | AM29: 2202 | AN29: 3061 | AO29: 46053.81 | AP29: 46094 | AQ29: 46097 | AR29: 2026/03/07 | AS29: 634 | AT29: P3A1 | AU29: 139 | AV29: e519a11ebf634ab69b0a4744a60039a5 | AW29: 139
A30: QCO | B30: 140 | C30: 4-W TROLLEY S | D30: S2615LHTR001HS | E30: 4-W TROLLEY S | F30: KW3604-BLACK-SS27 | G30: P3A1 | H30: 2026 | I30: W06 | J30: 462 | K30: 140 | L30: 1649 | M30: P3A1 | N30: LINE17 | O30: AD-ADI-B180 | P30: Sample Order | R30: ADIB377 | S30: RGL | T30: 003 | U30: 001 | V30: P_ADI-B180_1_ADIB377RGL003001_01 | W30: Not Scheduled | Y30: 2026/01/12 | Z30: 2026/01/31 | AA30: 63.31 | AB30: 20260316 | AC30: 13 | AD30: Week 11 | AE30: 2026-11 | AF30: 22190864 | AG30: 140 | AH30: Week 10 | AI30: 3 | AJ30: 2026/03/12 | AK30: 20260227 | AL30: 20260227 | AM30: 3 | AN30: 3097 | AO30: 46053.811 | AP30: 46080 | AQ30: 46080 | AR30: 2026/03/12 | AS30: 3 | AT30: P3A1 | AU30: 140 | AV30: e519a11ebf634ab69b0a4744a60039a5 | AW30: 140
A31: QCO | B31: 141 | C31: 4-W TROLLEY S | D31: S2615LHTR001HS | E31: 4-W TROLLEY S | F31: KW3604-BLACK-FW26 | G31: P3A1 | H31: 2026 | I31: W06 | J31: 827 | K31: 141 | L31: 1785 | M31: P3A1 | N31: LINE13 | O31: AD-ADI-B154 | P31: Main Order | R31: ADIB377 | S31: RGL | T31: 002 | U31: 009 | V31: P_ADI-B154_1_ADIB377RGL002009_01 | W31: Not Scheduled | Y31: 2025/12/20 | Z31: 2026/01/31 | AA31: 8.26 | AB31: 20260316 | AC31: 14 | AD31: Week 11 | AE31: 2026-11 | AF31: 22190864 | AG31: 141 | AH31: Week 10 | AI31: 420 | AJ31: 2026/04/15 | AK31: 20260307 | AL31: 20260309 | AM31: 420 | AN31: 3462 | AO31: 46053.815 | AP31: 46088 | AQ31: 46090 | AR31: 2026/04/15 | AS31: 420 | AT31: P3A1 | AU31: 141 | AV31: e519a11ebf634ab69b0a4744a60039a5 | AW31: 141
A32: QCO | B32: 155 | C32: TRX MT DAYPACK | D32: S2615BA1309U | E32: TRX MT DAYPACK | F32: KE1560-BLACK-FW26 | G32: P3A1 | H32: 2026 | I32: W06 | J32: 420 | K32: 155 | L32: 548 | M32: P3A1 | N32: LINE12 | O32: AD-ADI-B142 | P32: Main Order | R32: ADIB083 | S32: RGL | T32: 005 | U32: 001 | V32: P_ADI-B142_1_ADIB083RGL005001_02 | W32: Not Scheduled | Y32: 2025/12/15 | Z32: 2026/01/31 | AA32: 26.15 | AB32: 20260321 | AC32: 226 | AD32: Week 11 | AE32: 2026-11 | AF32: 22190864 | AG32: 155 | AH32: Week 10 | AI32: 201 | AJ32: 2026/03/06 | AK32: 20260313 | AL32: 20260313 | AM32: 203 | AN32: 3055 | AO32: 46053.81 | AP32: 46094 | AQ32: 46094 | AR32: 2026/03/06 | AS32: 201 | AT32: P3A1 | AU32: 155 | AV32: e519a11ebf634ab69b0a4744a60039a5 | AW32: 155
A33: QCO | B33: 164 | C33: TRX MT DAYPACK | D33: S2615BA1309U | E33: TRX MT DAYPACK | F33: KE1560-BLACK-FW26 | G33: P3A1 | H33: 2026 | I33: W06 | J33: 914 | K33: 164 | L33: 558 | M33: P3A1 | N33: LINE12 | O33: AD-ADI-B143 | P33: Main Order | R33: ADIB083 | S33: RGL | T33: 005 | U33: 001 | V33: P_ADI-B143_1_ADIB083RGL005001_01 | W33: Not Scheduled | Y33: 2025/12/15 | Z33: 2026/01/31 | AA33: 25.12 | AB33: 20260321 | AC33: 227 | AD33: Week 11 | AE33: 2026-11 | AF33: 22190864 | AG33: 164 | AH33: Week 10 | AI33: 106 | AJ33: 2026/04/23 | AK33: 20260313 | AL33: 20260313 | AM33: 106 | AN33: 3549 | AO33: 46053.816 | AP33: 46094 | AQ33: 46094 | AR33: 2026/04/23 | AS33: 106 | AT33: P3A1 | AU33: 164 | AV33: e519a11ebf634ab69b0a4744a60039a5 | AW33: 164
A34: QCO | B34: 167 | C34: TRX MT DAYPACK | D34: S2615BA1309U | E34: TRX MT DAYPACK | F34: KE1560-BLACK-FW26 | G34: P3A1 | H34: 2026 | I34: W06 | J34: 1083 | K34: 167 | L34: 560 | M34: P3A1 | N34: LINE12 | O34: AD-ADI-B143 | P34: Main Order | R34: ADIB083 | S34: RGL | T34: 005 | U34: 001 | V34: P_ADI-B143_2_ADIB083RGL005001_01 | W34: Not Scheduled | Y34: 2025/12/15 | Z34: 2026/01/31 | AA34: 25.13 | AB34: 20260321 | AC34: 228 | AD34: Week 11 | AE34: 2026-11 | AF34: 22190864 | AG34: 167 | AH34: Week 10 | AI34: 548 | AJ34: 2026/05/07 | AK34: 20260313 | AL34: 20260314 | AM34: 548 | AN34: 3718 | AO34: 46053.818 | AP34: 46094 | AQ34: 46095 | AR34: 2026/05/07 | AS34: 548 | AT34: P3A1 | AU34: 167 | AV34: e519a11ebf634ab69b0a4744a60039a5 | AW34: 167
A35: QCO | B35: 170 | C35: TRX MT DAYPACK | D35: S2615BA1309U | E35: TRX MT DAYPACK | F35: KE1560-BLACK-FW26 | G35: P3A1 | H35: 2026 | I35: W06 | J35: 1156 | K35: 170 | L35: 561 | M35: P3A1 | N35: 2 | O35: AD-ADI-B209 | P35: Main Order | R35: ADIB083 | S35: RGL | T35: 005 | U35: 001 | V35: P_ADI-B209_1_ADIB083RGL005001_01 | W35: Not Scheduled | Y35: 2026/01/24 | Z35: 2026/01/31 | AA35: 0 | AB35: 20260321 | AC35: 229 | AD35: Week 11 | AE35: 2026-11 | AF35: 22190864 | AG35: 170 | AH35: Week 10 | AI35: 1016 | AJ35: 2026/05/15 | AK35: 20260316 | AL35: 20260318 | AM35: 1016 | AN35: 3791 | AO35: 46053.819 | AP35: 46097 | AQ35: 46099 | AR35: 2026/05/15 | AS35: 1016 | AT35: P3A1 | AU35: 170 | AV35: e519a11ebf634ab69b0a4744a60039a5 | AW35: 170
A36: QCO | B36: 172 | C36: TRX MT DAYPACK | D36: S2615BA1309U | E36: TRX MT DAYPACK | F36: KC5042-TENT GREEN F16-FW26 | G36: P3A1 | H36: 2026 | I36: W06 | J36: 1269 | K36: 172 | L36: 563 | M36: P3A1 | N36: 2 | O36: AD-ADI-B209 | P36: Main Order | R36: ADIB083 | S36: RGL | T36: 006 | U36: 001 | V36: P_ADI-B209_1_ADIB083RGL006001_01 | W36: Not Scheduled | Y36: 2026/01/24 | Z36: 2026/01/31 | AA36: 0 | AB36: 20260321 | AC36: 230 | AD36: Week 11 | AE36: 2026-11 | AF36: 22190864 | AG36: 172 | AH36: Week 10 | AI36: 1085 | AJ36: 2026/06/07 | AK36: 20260316 | AL36: 20260317 | AM36: 1085 | AN36: 3904 | AO36: 46053.821 | AP36: 46097 | AQ36: 46098 | AR36: 2026/06/07 | AS36: 1085 | AT36: P3A1 | AU36: 172 | AV36: e519a11ebf634ab69b0a4744a60039a5 | AW36: 172
A37: QCO | B37: 173 | C37: TRX MT DAYPACK | D37: S2615BA1309U | E37: TRX MT DAYPACK | F37: KE1560-BLACK-FW26 | G37: P3A1 | H37: 2026 | I37: W06 | J37: 1353 | K37: 173 | L37: 564 | M37: P3A1 | N37: LINE20 | O37: AD-ADI-B144 | P37: Main Order | R37: ADIB083 | S37: RGL | T37: 005 | U37: 001 | V37: P_ADI-B144_1_ADIB083RGL005001_01 | W37: Not Scheduled | Y37: 2025/12/15 | Z37: 2026/01/31 | AA37: 4.32 | AB37: 20260321 | AC37: 231 | AD37: Week 11 | AE37: 2026-11 | AF37: 22190864 | AG37: 173 | AH37: Week 10 | AI37: 268 | AJ37: 2026/07/07 | AK37: 20260509 | AL37: 20260509 | AM37: 268 | AN37: 3988 | AO37: 46053.822 | AP37: 46151 | AQ37: 46151 | AR37: 2026/07/07 | AS37: 268 | AT37: P3A1 | AU37: 173 | AV37: e519a11ebf634ab69b0a4744a60039a5 | AW37: 173
A38: QCO | B38: 174 | C38: TRX MT DAYPACK | D38: S2615BA1309U | E38: TRX MT DAYPACK | F38: KE1560-BLACK-FW26 | G38: P3A1 | H38: 2026 | I38: W06 | J38: 1376 | K38: 174 | L38: 565 | M38: P3A1 | N38: 2 | O38: AD-ADI-B210 | P38: Main Order | R38: ADIB083 | S38: RGL | T38: 005 | U38: 001 | V38: P_ADI-B210_1_ADIB083RGL005001_01 | W38: Not Scheduled | Y38: 2026/01/24 | Z38: 2026/01/31 | AA38: 0 | AB38: 20260321 | AC38: 232 | AD38: Week 11 | AE38: 2026-11 | AF38: 22190864 | AG38: 174 | AH38: Week 10 | AI38: 184 | AJ38: 2026/07/15 | AK38: 20260320 | AL38: 20260321 | AM38: 184 | AN38: 4011 | AO38: 46053.822 | AP38: 46101 | AQ38: 46102 | AR38: 2026/07/15 | AS38: 184 | AT38: P3A1 | AU38: 174 | AV38: e519a11ebf634ab69b0a4744a60039a5 | AW38: 174
... A50: QCO | B50: 352 | C50: WC BAG | D50: F26WCBA006 | E50: WC BAG | F50: KY2807-BLACK-FW26 | G50: P3A1 | H50: 2026 | I50: W06 | J50: 1197 | K50: 352 | L50: 2065 | M50: P3A1 | N50: 1 | O50: AD-ADI-B205 | P50: Main Order | R50: ADIB436 | S50: RGL | T50: 001 | U50: 006 | V50: P_ADI-B205_2_ADIB436RGL001006_01 | W50: Not Scheduled | Y50: 2026/01/21 | Z50: 2026/01/31 | AA50: 0 | AB50: 20260319 | AC50: 148 | AD50: Week 11 | AE50: 2026-11 | AF50: 22190864 | AG50: 352 | AH50: Week 10 | AI50: 66 | AJ50: 2026/05/15 | AK50: 20260305 | AL50: 20260306 | AM50: 66 | AN50: 3832 | AO50: 46053.82 | AP50: 46086 | AQ50: 46087 | AR50: 2026/05/15 | AS50: 66 | AT50: P3A1 | AU50: 352 | AV50: e519a11ebf634ab69b0a4744a60039a5 | AW50: 352
A51: QCO | B51: 493 | C51: MER DNA 3S BP | D51: S2662LHMR390 | E51: MER DNA 3S BP | F51: KF1774-BLACK-SS26 | G51: P3A1 | H51: 2026 | I51: W06 | J51: 1 | K51: 493 | L51: 372 | M51: P3A1 | N51: LINE03 | O51: AD-ADI-B052 | P51: Main Order | R51: ADIB034 | S51: RGL | T51: 001 | U51: 004 | V51: P_ADI-B052_2_ADIB034RGL001004_01 | W51: Fully Scheduled | X51: P3A1-2511-000000247 | Y51: 2025/11/03 | Z51: 2026/01/31 | AA51: 94.81 | AB51: 20260317 | AC51: 43 | AD51: Week 11 | AE51: 2026-11 | AF51: 22190864 | AG51: 493 | AH51: Week 09 | AI51: 917 | AJ51: 2026/02/15 | AK51: 20260204 | AL51: 20260204 | AM51: 917 | AN51: 2636 | AO51: 46053.773 | AP51: 46057 | AQ51: 46057 | AR51: 2026/02/15 | AS51: 917 | AT51: P3A1 | AU51: 493 | AV51: e519a11ebf634ab69b0a4744a60039a5 | AW51: 493
A52: QCO | B52: 493 | C52: MER DNA 3S BP | D52: S2662LHMR390 | E52: MER DNA 3S BP | F52: KF1774-BLACK-SS26 | G52: P3A1 | H52: 2026 | I52: W06 | J52: 1 | K52: 493 | L52: 372 | M52: P3A1 | N52: LINE03 | O52: AD-ADI-B052 | P52: Main Order | R52: ADIB034 | S52: RGL | T52: 001 | U52: 004 | V52: P_ADI-B052_2_ADIB034RGL001004_01 | W52: Fully Scheduled | X52: P3A1-2511-000000247 | Y52: 2025/11/03 | Z52: 2026/01/31 | AA52: 94.81 | AB52: 20260319 | AC52: 149 | AD52: Week 11 | AE52: 2026-11 | AF52: 22190864 | AG52: 493 | AH52: Week 09 | AI52: 917 | AJ52: 2026/02/15 | AK52: 20260204 | AL52: 20260204 | AM52: 917 | AN52: 2636 | AO52: 46053.773 | AP52: 46057 | AQ52: 46057 | AR52: 2026/02/15 | AS52: 917 | AT52: P3A1 | AU52: 493 | AV52: e519a11ebf634ab69b0a4744a60039a5 | AW52: 493
A53: QCO | B53: 554 | C53: MER DNA 3S BP | D53: S2662LHMR390 | E53: MER DNA 3S BP | F53: KF1774-BLACK-SS26 | G53: P3A1 | H53: 2026 | I53: W06 | J53: 105 | K53: 554 | L53: 373 | M53: P3A1 | N53: LINE03 | O53: AD-ADI-B086 | P53: Main Order | R53: ADIB034 | S53: RGL | T53: 001 | U53: 004 | V53: P_ADI-B086_1_ADIB034RGL001004_01 | W53: Fully Scheduled | X53: P3A1-2601-000000023 | Y53: 2025/11/15 | Z53: 2026/01/31 | AA53: 93.81 | AB53: 20260317 | AC53: 44 | AD53: Week 11 | AE53: 2026-11 | AF53: 22190864 | AG53: 554 | AI53: 500 | AJ53: 2026/02/15 | AK53: 20260204 | AL53: 20260205 | AM53: 500 | AN53: 2740 | AO53: 46053.775 | AP53: 46057 | AQ53: 46058 | AR53: 2026/02/15 | AS53: 500 | AT53: P3A1 | AU53: 554 | AV53: e519a11ebf634ab69b0a4744a60039a5 | AW53: 554
A54: QCO | B54: 554 | C54: MER DNA 3S BP | D54: S2662LHMR390 | E54: MER DNA 3S BP | F54: KF1774-BLACK-SS26 | G54: P3A1 | H54: 2026 | I54: W06 | J54: 105 | K54: 554 | L54: 373 | M54: P3A1 | N54: LINE03 | O54: AD-ADI-B086 | P54: Main Order | R54: ADIB034 | S54: RGL | T54: 001 | U54: 004 | V54: P_ADI-B086_1_ADIB034RGL001004_01 | W54: Fully Scheduled | X54: P3A1-2601-000000023 | Y54: 2025/11/15 | Z54: 2026/01/31 | AA54: 93.81 | AB54: 20260319 | AC54: 150 | AD54: Week 11 | AE54: 2026-11 | AF54: 22190864 | AG54: 554 | AI54: 500 | AJ54: 2026/02/15 | AK54: 20260204 | AL54: 20260205 | AM54: 500 | AN54: 2740 | AO54: 46053.775 | AP54: 46057 | AQ54: 46058 | AR54: 2026/02/15 | AS54: 500 | AT54: P3A1 | AU54: 554 | AV54: e519a11ebf634ab69b0a4744a60039a5 | AW54: 554
A55: QCO | B55: 567 | C55: MER DNA 3S BP | D55: S2662LHMR390 | E55: MER DNA 3S BP | F55: KF1774-BLACK-SS26 | G55: P3A1 | H55: 2026 | I55: W06 | J55: 122 | K55: 567 | L55: 374 | M55: P3A1 | N55: LINE03 | O55: AD-ADI-B117 | P55: Main Order | R55: ADIB034 | S55: RGL | T55: 001 | U55: 004 | V55: P_ADI-B117_1_ADIB034RGL001004_01 | W55: Fully Scheduled | X55: P3A1-2601-000000021 | Y55: 2025/12/01 | Z55: 2026/01/31 | AA55: 11.03 | AB55: 20260317 | AC55: 45 | AD55: Week 11 | AE55: 2026-11 | AF55: 22190864 | AG55: 567 | AI55: 2000 | AJ55: 2026/02/28 | AK55: 20260207 | AL55: 20260209 | AM55: 2433 | AN55: 2757 | AO55: 46053.775 | AP55: 46060 | AQ55: 46062 | AR55: 2026/02/28 | AS55: 2000 | AT55: P3A1 | AU55: 567 | AV55: e519a11ebf634ab69b0a4744a60039a5 | AW55: 567
A56: QCO | B56: 567 | C56: MER DNA 3S BP | D56: S2662LHMR390 | E56: MER DNA 3S BP | F56: KF1774-BLACK-SS26 | G56: P3A1 | H56: 2026 | I56: W06 | J56: 122 | K56: 567 | L56: 374 | M56: P3A1 | N56: LINE03 | O56: AD-ADI-B117 | P56: Main Order | R56: ADIB034 | S56: RGL | T56: 001 | U56: 004 | V56: P_ADI-B117_1_ADIB034RGL001004_01 | W56: Fully Scheduled | X56: P3A1-2601-000000021 | Y56: 2025/12/01 | Z56: 2026/01/31 | AA56: 11.03 | AB56: 20260319 | AC56: 151 | AD56: Week 11 | AE56: 2026-11 | AF56: 22190864 | AG56: 567 | AI56: 2000 | AJ56: 2026/02/28 | AK56: 20260207 | AL56: 20260209 | AM56: 2433 | AN56: 2757 | AO56: 46053.775 | AP56: 46060 | AQ56: 46062 | AR56: 2026/02/28 | AS56: 2000 | AT56: P3A1 | AU56: 567 | AV56: e519a11ebf634ab69b0a4744a60039a5 | AW56: 567
A57: QCO | B57: 568 | C57: MER DNA 3S BP | D57: S2662LHMR390 | E57: MER DNA 3S BP | F57: KF1774-BLACK-SS26 | G57: P3A1 | H57: 2026 | I57: W06 | J57: 123 | K57: 568 | L57: 375 | M57: P3A1 | N57: LINE03 | O57: AD-ADI-B117 | P57: Main Order | R57: ADIB034 | S57: RGL | T57: 001 | U57: 004 | V57: P_ADI-B117_1_ADIB034RGL001004_02 | W57: Fully Scheduled | X57: P3A1-2601-000000022 | Y57: 2025/12/01 | Z57: 2026/01/31 | AA57: 11.02 | AB57: 20260317 | AC57: 46 | AD57: Week 11 | AE57: 2026-11 | AF57: 22190864 | AG57: 568 | AI57: 433 | AJ57: 2026/02/28 | AK57: 20260209 | AL57: 20260210 | AM57: 2433 | AN57: 2758 | AO57: 46053.775 | AP57: 46062 | AQ57: 46063 | AR57: 2026/02/28 | AS57: 433 | AT57: P3A1 | AU57: 568 | AV57: e519a11ebf634ab69b0a4744a60039a5 | AW57: 568
A58: QCO | B58: 568 | C58: MER DNA 3S BP | D58: S2662LHMR390 | E58: MER DNA 3S BP | F58: KF1774-BLACK-SS26 | G58: P3A1 | H58: 2026 | I58: W06 | J58: 123 | K58: 568 | L58: 375 | M58: P3A1 | N58: LINE03 | O58: AD-ADI-B117 | P58: Main Order | R58: ADIB034 | S58: RGL | T58: 001 | U58: 004 | V58: P_ADI-B117_1_ADIB034RGL001004_02 | W58: Fully Scheduled | X58: P3A1-2601-000000022 | Y58: 2025/12/01 | Z58: 2026/01/31 | AA58: 11.02 | AB58: 20260319 | AC58: 152 | AD58: Week 11 | AE58: 2026-11 | AF58: 22190864 | AG58: 568 | AI58: 433 | AJ58: 2026/02/28 | AK58: 20260209 | AL58: 20260210 | AM58: 2433 | AN58: 2758 | AO58: 46053.775 | AP58: 46062 | AQ58: 46063 | AR58: 2026/02/28 | AS58: 433 | AT58: P3A1 | AU58: 568 | AV58: e519a11ebf634ab69b0a4744a60039a5 | AW58: 568
A59: QCO | B59: 583 | C59: MINI WMS BAG | D59: F2615BA003GL | E59: MINI WMS BAG | F59: KH2326-BLACK-FW26 | G59: P3A1 | H59: 2026 | I59: W06 | J59: 143 | K59: 583 | L59: 246 | M59: P3A1 | N59: LINE06 | O59: AD-ADI-B086 | P59: Main Order | R59: ADIB215 | S59: RGL | T59: 001 | U59: 003 | V59: P_ADI-B086_1_ADIB215RGL001003_02 | W59: Fully Scheduled | X59: P3A1-2601-000000071 | Y59: 2025/11/15 | Z59: 2026/01/31 | AA59: 87.06 | AB59: 20260318 | AC59: 84 | AD59: Week 11 | AE59: 2026-11 | AF59: 22190864 | AG59: 583 | AI59: 753 | AJ59: 2026/02/23 | AK59: 20260202 | AL59: 20260202 | AM59: 866 | AN59: 2778 | AO59: 46053.775 | AP59: 46055 | AQ59: 46055 | AR59: 2026/02/23 | AS59: 753 | AT59: P3A1 | AU59: 583 | AV59: e519a11ebf634ab69b0a4744a60039a5 | AW59: 583
A60: QCO | B60: 583 | C60: MINI WMS BAG | D60: F2615BA003GL | E60: MINI WMS BAG | F60: KH2326-BLACK-FW26 | G60: P3A1 | H60: 2026 | I60: W06 | J60: 143 | K60: 583 | L60: 246 | M60: P3A1 | N60: LINE06 | O60: AD-ADI-B086 | P60: Main Order | R60: ADIB215 | S60: RGL | T60: 001 | U60: 003 | V60: P_ADI-B086_1_ADIB215RGL001003_02 | W60: Fully Scheduled | X60: P3A1-2601-000000071 | Y60: 2025/11/15 | Z60: 2026/01/31 | AA60: 87.06 | AB60: 20260320 | AC60: 180 | AD60: Week 11 | AE60: 2026-11 | AF60: 22190864 | AG60: 583 | AI60: 753 | AJ60: 2026/02/23 | AK60: 20260202 | AL60: 20260202 | AM60: 866 | AN60: 2778 | AO60: 46053.775 | AP60: 46055 | AQ60: 46055 | AR60: 2026/02/23 | AS60: 753 | AT60: P3A1 | AU60: 583 | AV60: e519a11ebf634ab69b0a4744a60039a5 | AW60: 583
A61: QCO | B61: 583 | C61: MINI WMS BAG | D61: F2615BA003GL | E61: MINI WMS BAG | F61: KH2326-BLACK-FW26 | G61: P3A1 | H61: 2026 | I61: W06 | J61: 143 | K61: 583 | L61: 246 | M61: P3A1 | N61: LINE06 | O61: AD-ADI-B086 | P61: Main Order | R61: ADIB215 | S61: RGL | T61: 001 | U61: 003 | V61: P_ADI-B086_1_ADIB215RGL001003_02 | W61: Fully Scheduled | X61: P3A1-2601-000000071 | Y61: 2025/11/15 | Z61: 2026/01/31 | AA61: 87.06 | AB61: 20260321 | AC61: 237 | AD61: Week 11 | AE61: 2026-11 | AF61: 22190864 | AG61: 583 | AI61: 753 | AJ61: 2026/02/23 | AK61: 20260202 | AL61: 20260202 | AM61: 866 | AN61: 2778 | AO61: 46053.775 | AP61: 46055 | AQ61: 46055 | AR61: 2026/02/23 | AS61: 753 | AT61: P3A1 | AU61: 583 | AV61: e519a11ebf634ab69b0a4744a60039a5 | AW61: 583
A62: QCO | B62: 584 | C62: MINI WMS BAG | D62: F2615BA003GL | E62: MINI WMS BAG | F62: KH2326-BLACK-FW26 | G62: P3A1 | H62: 2026 | I62: W06 | J62: 144 | K62: 584 | L62: 247 | M62: P3A1 | N62: LINE06 | O62: AD-ADI-B086 | P62: Main Order | R62: ADIB215 | S62: RGL | T62: 001 | U62: 003 | V62: P_ADI-B086_1_ADIB215RGL001003_01 | W62: Fully Scheduled | X62: P3A1-2601-000000072 | Y62: 2025/11/15 | Z62: 2026/01/31 | AA62: 87.03 | AB62: 20260318 | AC62: 85 | AD62: Week 11 | AE62: 2026-11 | AF62: 22190864 | AG62: 584 | AI62: 113 | AJ62: 2026/02/23 | AK62: 20260202 | AL62: 20260202 | AM62: 866 | AN62: 2779 | AO62: 46053.775 | AP62: 46055 | AQ62: 46055 | AR62: 2026/02/23 | AS62: 113 | AT62: P3A1 | AU62: 584 | AV62: e519a11ebf634ab69b0a4744a60039a5 | AW62: 584
A63: QCO | B63: 584 | C63: MINI WMS BAG | D63: F2615BA003GL | E63: MINI WMS BAG | F63: KH2326-BLACK-FW26 | G63: P3A1 | H63: 2026 | I63: W06 | J63: 144 | K63: 584 | L63: 247 | M63: P3A1 | N63: LINE06 | O63: AD-ADI-B086 | P63: Main Order | R63: ADIB215 | S63: RGL | T63: 001 | U63: 003 | V63: P_ADI-B086_1_ADIB215RGL001003_01 | W63: Fully Scheduled | X63: P3A1-2601-000000072 | Y63: 2025/11/15 | Z63: 2026/01/31 | AA63: 87.03 | AB63: 20260320 | AC63: 181 | AD63: Week 11 | AE63: 2026-11 | AF63: 22190864 | AG63: 584 | AI63: 113 | AJ63: 2026/02/23 | AK63: 20260202 | AL63: 20260202 | AM63: 866 | AN63: 2779 | AO63: 46053.775 | AP63: 46055 | AQ63: 46055 | AR63: 2026/02/23 | AS63: 113 | AT63: P3A1 | AU63: 584 | AV63: e519a11ebf634ab69b0a4744a60039a5 | AW63: 584
A64: QCO | B64: 584 | C64: MINI WMS BAG | D64: F2615BA003GL | E64: MINI WMS BAG | F64: KH2326-BLACK-FW26 | G64: P3A1 | H64: 2026 | I64: W06 | J64: 144 | K64: 584 | L64: 247 | M64: P3A1 | N64: LINE06 | O64: AD-ADI-B086 | P64: Main Order | R64: ADIB215 | S64: RGL | T64: 001 | U64: 003 | V64: P_ADI-B086_1_ADIB215RGL001003_01 | W64: Fully Scheduled | X64: P3A1-2601-000000072 | Y64: 2025/11/15 | Z64: 2026/01/31 | AA64: 87.03 | AB64: 20260321 | AC64: 238 | AD64: Week 11 | AE64: 2026-11 | AF64: 22190864 | AG64: 584 | AI64: 113 | AJ64: 2026/02/23 | AK64: 20260202 | AL64: 20260202 | AM64: 866 | AN64: 2779 | AO64: 46053.775 | AP64: 46055 | AQ64: 46055 | AR64: 2026/02/23 | AS64: 113 | AT64: P3A1 | AU64: 584 | AV64: e519a11ebf634ab69b0a4744a60039a5 | AW64: 584
... A125: QCO | B125: 704 | C125: MER DNA 3S BP | D125: S2662LHMR390 | E125: MER DNA 3S BP | F125: KF1774-BLACK-FW26 | G125: P3A1 | H125: 2026 | I125: W06 | J125: 379 | K125: 704 | L125: 385 | M125: P3A1 | N125: LINE03 | O125: AD-ADI-B118 | P125: Main Order | R125: ADIB034 | S125: RGL | T125: 002 | U125: 002 | V125: P_ADI-B118_2_ADIB034RGL002002_01 | W125: Fully Scheduled | X125: P3A1-2601-000000374 | Y125: 2025/12/01 | Z125: 2026/01/31 | AA125: 94.75 | AB125: 20260319 | AC125: 159 | AD125: Week 11 | AE125: 2026-11 | AF125: 22190864 | AG125: 704 | AI125: 569 | AJ125: 2026/04/30 | AK125: 20260323 | AL125: 20260323 | AM125: 569 | AN125: 3014 | AO125: 46053.779 | AP125: 46104 | AQ125: 46104 | AR125: 2026/04/30 | AS125: 569 | AT125: P3A1 | AU125: 704 | AV125: e519a11ebf634ab69b0a4744a60039a5 | AW125: 704
A126: QCO | B126: 738 | C126: TRX MT ORGANIZE | D126: S2615BA1311U | E126: TRX MT ORGANIZE | F126: KE1567-BLACK-FW26 | G126: P3A1 | H126: 2026 | I126: W06 | J126: 421 | K126: 738 | L126: 1445 | M126: P3A1 | N126: LINE02 | O126: AD-ADI-B142 | P126: Main Order | R126: ADIB086 | S126: RGL | T126: 006 | U126: 001 | V126: P_ADI-B142_1_ADIB086RGL006001_02 | W126: Not Scheduled | Y126: 2025/12/15 | Z126: 2026/01/31 | AA126: 15.81 | AB126: 20260319 | AC126: 160 | AD126: Week 11 | AE126: 2026-11 | AF126: 22190864 | AG126: 738 | AI126: 47 | AJ126: 2026/03/06 | AK126: 20260321 | AL126: 20260321 | AM126: 49 | AN126: 3056 | AO126: 46053.81 | AP126: 46102 | AQ126: 46102 | AR126: 2026/03/06 | AS126: 47 | AT126: P3A1 | AU126: 738 | AV126: e519a11ebf634ab69b0a4744a60039a5 | AW126: 738
A127: QCO | B127: 738 | C127: TRX MT ORGANIZE | D127: S2615BA1311U | E127: TRX MT ORGANIZE | F127: KE1567-BLACK-FW26 | G127: P3A1 | H127: 2026 | I127: W06 | J127: 421 | K127: 738 | L127: 1445 | M127: P3A1 | N127: LINE02 | O127: AD-ADI-B142 | P127: Main Order | R127: ADIB086 | S127: RGL | T127: 006 | U127: 001 | V127: P_ADI-B142_1_ADIB086RGL006001_02 | W127: Not Scheduled | Y127: 2025/12/15 | Z127: 2026/01/31 | AA127: 15.81 | AB127: 20260320 | AC127: 212 | AD127: Week 11 | AE127: 2026-11 | AF127: 22190864 | AG127: 738 | AI127: 47 | AJ127: 2026/03/06 | AK127: 20260321 | AL127: 20260321 | AM127: 49 | AN127: 3056 | AO127: 46053.81 | AP127: 46102 | AQ127: 46102 | AR127: 2026/03/06 | AS127: 47 | AT127: P3A1 | AU127: 738 | AV127: e519a11ebf634ab69b0a4744a60039a5 | AW127: 738
A128: QCO | B128: 743 | C128: MER DNA 3S BP | D128: S2662LHMR390 | E128: MER DNA 3S BP | F128: KF1774-BLACK-SS27 | G128: P3A1 | H128: 2026 | I128: W06 | J128: 431 | K128: 743 | L128: 381 | M128: P3A1 | N128: LINE17 | O128: AD-ADI-B180 | P128: Sample Order | R128: ADIB034 | S128: RGL | T128: 003 | U128: 001 | V128: P_ADI-B180_1_ADIB034RGL003001_01 | W128: Not Scheduled | Y128: 2026/01/12 | Z128: 2026/01/31 | AA128: 82.73 | AB128: 20260317 | AC128: 59 | AD128: Week 11 | AE128: 2026-11 | AF128: 22190864 | AG128: 743 | AI128: 13 | AJ128: 2026/03/12 | AK128: 20260225 | AL128: 20260225 | AM128: 13 | AN128: 3066 | AO128: 46053.81 | AP128: 46078 | AQ128: 46078 | AR128: 2026/03/12 | AS128: 13 | AT128: P3A1 | AU128: 743 | AV128: e519a11ebf634ab69b0a4744a60039a5 | AW128: 743
A129: QCO | B129: 743 | C129: MER DNA 3S BP | D129: S2662LHMR390 | E129: MER DNA 3S BP | F129: KF1774-BLACK-SS27 | G129: P3A1 | H129: 2026 | I129: W06 | J129: 431 | K129: 743 | L129: 381 | M129: P3A1 | N129: LINE17 | O129: AD-ADI-B180 | P129: Sample Order | R129: ADIB034 | S129: RGL | T129: 003 | U129: 001 | V129: P_ADI-B180_1_ADIB034RGL003001_01 | W129: Not Scheduled | Y129: 2026/01/12 | Z129: 2026/01/31 | AA129: 82.73 | AB129: 20260319 | AC129: 161 | AD129: Week 11 | AE129: 2026-11 | AF129: 22190864 | AG129: 743 | AI129: 13 | AJ129: 2026/03/12 | AK129: 20260225 | AL129: 20260225 | AM129: 13 | AN129: 3066 | AO129: 46053.81 | AP129: 46078 | AQ129: 46078 | AR129: 2026/03/12 | AS129: 13 | AT129: P3A1 | AU129: 743 | AV129: e519a11ebf634ab69b0a4744a60039a5 | AW129: 743
A130: QCO | B130: 791 | C130: MINI WMS BAG | D130: F2615BA003GL | E130: MINI WMS BAG | F130: KH2326-BLACK-SS27 | G130: P3A1 | H130: 2026 | I130: W06 | J130: 484 | K130: 791 | L130: 271 | M130: P3A1 | N130: LINE17 | O130: AD-ADI-B180 | P130: Sample Order | R130: ADIB215 | S130: RGL | T130: 004 | U130: 001 | V130: P_ADI-B180_1_ADIB215RGL004001_01 | W130: Not Scheduled | Y130: 2026/01/12 | Z130: 2026/01/31 | AA130: 50.82 | AB130: 20260318 | AC130: 101 | AD130: Week 11 | AE130: 2026-11 | AF130: 22190864 | AG130: 791 | AI130: 12 | AJ130: 2026/03/12 | AK130: 20260227 | AL130: 20260227 | AM130: 12 | AN130: 3119 | AO130: 46053.811 | AP130: 46080 | AQ130: 46080 | AR130: 2026/03/12 | AS130: 12 | AT130: P3A1 | AU130: 791 | AV130: e519a11ebf634ab69b0a4744a60039a5 | AW130: 791
A131: QCO | B131: 791 | C131: MINI WMS BAG | D131: F2615BA003GL | E131: MINI WMS BAG | F131: KH2326-BLACK-SS27 | G131: P3A1 | H131: 2026 | I131: W06 | J131: 484 | K131: 791 | L131: 271 | M131: P3A1 | N131: LINE17 | O131: AD-ADI-B180 | P131: Sample Order | R131: ADIB215 | S131: RGL | T131: 004 | U131: 001 | V131: P_ADI-B180_1_ADIB215RGL004001_01 | W131: Not Scheduled | Y131: 2026/01/12 | Z131: 2026/01/31 | AA131: 50.82 | AB131: 20260320 | AC131: 193 | AD131: Week 11 | AE131: 2026-11 | AF131: 22190864 | AG131: 791 | AI131: 12 | AJ131: 2026/03/12 | AK131: 20260227 | AL131: 20260227 | AM131: 12 | AN131: 3119 | AO131: 46053.811 | AP131: 46080 | AQ131: 46080 | AR131: 2026/03/12 | AS131: 12 | AT131: P3A1 | AU131: 791 | AV131: e519a11ebf634ab69b0a4744a60039a5 | AW131: 791
A132: QCO | B132: 791 | C132: MINI WMS BAG | D132: F2615BA003GL | E132: MINI WMS BAG | F132: KH2326-BLACK-SS27 | G132: P3A1 | H132: 2026 | I132: W06 | J132: 484 | K132: 791 | L132: 271 | M132: P3A1 | N132: LINE17 | O132: AD-ADI-B180 | P132: Sample Order | R132: ADIB215 | S132: RGL | T132: 004 | U132: 001 | V132: P_ADI-B180_1_ADIB215RGL004001_01 | W132: Not Scheduled | Y132: 2026/01/12 | Z132: 2026/01/31 | AA132: 50.82 | AB132: 20260321 | AC132: 250 | AD132: Week 11 | AE132: 2026-11 | AF132: 22190864 | AG132: 791 | AI132: 12 | AJ132: 2026/03/12 | AK132: 20260227 | AL132: 20260227 | AM132: 12 | AN132: 3119 | AO132: 46053.811 | AP132: 46080 | AQ132: 46080 | AR132: 2026/03/12 | AS132: 12 | AT132: P3A1 | AU132: 791 | AV132: e519a11ebf634ab69b0a4744a60039a5 | AW132: 791
A133: QCO | B133: 901 | C133: SKATEBOARDING BACKPACK | D133: S26AS6017 | E133: SKATEBOARDING BACKPACK | F133: KY2831-BLACK/EARTH STRATA S23-SS27 | G133: P3A1 | H133: 2026 | I133: W06 | J133: 601 | K133: 901 | L133: 1517 | M133: P3A1 | N133: LINE17 | O133: AD-ADI-B182 | P133: Sample Order | R133: ADIA991 | S133: RGL | T133: 004 | U133: 001 | V133: P_ADI-B182_1_ADIA991RGL004001_01 | W133: Not Scheduled | Y133: 2026/01/12 | Z133: 2026/01/31 | AA133: 0 | AB133: 20260316 | AC133: 19 | AD133: Week 11 | AE133: 2026-11 | AF133: 22190864 | AG133: 901 | AI133: 25 | AJ133: 2026/03/12 | AK133: 20260202 | AL133: 20260202 | AM133: 25 | AN133: 3236 | AO133: 46053.812 | AP133: 46055 | AQ133: 46055 | AR133: 2026/03/12 | AS133: 25 | AT133: P3A1 | AU133: 901 | AV133: e519a11ebf634ab69b0a4744a60039a5 | AW133: 901
A134: QCO | B134: 901 | C134: SKATEBOARDING BACKPACK | D134: S26AS6017 | E134: SKATEBOARDING BACKPACK | F134: KY2831-BLACK/EARTH STRATA S23-SS27 | G134: P3A1 | H134: 2026 | I134: W06 | J134: 601 | K134: 901 | L134: 1517 | M134: P3A1 | N134: LINE17 | O134: AD-ADI-B182 | P134: Sample Order | R134: ADIA991 | S134: RGL | T134: 004 | U134: 001 | V134: P_ADI-B182_1_ADIA991RGL004001_01 | W134: Not Scheduled | Y134: 2026/01/12 | Z134: 2026/01/31 | AA134: 0 | AB134: 20260317 | AC134: 60 | AD134: Week 11 | AE134: 2026-11 | AF134: 22190864 | AG134: 901 | AI134: 25 | AJ134: 2026/03/12 | AK134: 20260202 | AL134: 20260202 | AM134: 25 | AN134: 3236 | AO134: 46053.812 | AP134: 46055 | AQ134: 46055 | AR134: 2026/03/12 | AS134: 25 | AT134: P3A1 | AU134: 901 | AV134: e519a11ebf634ab69b0a4744a60039a5 | AW134: 901
A135: QCO | B135: 901 | C135: SKATEBOARDING BACKPACK | D135: S26AS6017 | E135: SKATEBOARDING BACKPACK | F135: KY2831-BLACK/EARTH STRATA S23-SS27 | G135: P3A1 | H135: 2026 | I135: W06 | J135: 601 | K135: 901 | L135: 1517 | M135: P3A1 | N135: LINE17 | O135: AD-ADI-B182 | P135: Sample Order | R135: ADIA991 | S135: RGL | T135: 004 | U135: 001 | V135: P_ADI-B182_1_ADIA991RGL004001_01 | W135: Not Scheduled | Y135: 2026/01/12 | Z135: 2026/01/31 | AA135: 0 | AB135: 20260319 | AC135: 162 | AD135: Week 11 | AE135: 2026-11 | AF135: 22190864 | AG135: 901 | AI135: 25 | AJ135: 2026/03/12 | AK135: 20260202 | AL135: 20260202 | AM135: 25 | AN135: 3236 | AO135: 46053.812 | AP135: 46055 | AQ135: 46055 | AR135: 2026/03/12 | AS135: 25 | AT135: P3A1 | AU135: 901 | AV135: e519a11ebf634ab69b0a4744a60039a5 | AW135: 901
A136: QCO | B136: 909 | C136: TRX TRL QUIVER | D136: S2615BA1315U | E136: TRX TRL QUIVER | F136: KB0230-SEMI IMPACT ORANGE F22-SS27 | G136: P3A1 | H136: 2026 | I136: W06 | J136: 609 | K136: 909 | L136: 1531 | M136: P3A1 | N136: LINE17 | O136: AD-ADI-B181 | P136: Sample Order | R136: ADIB090 | S136: RGL | T136: 003 | U136: 001 | V136: P_ADI-B181_1_ADIB090RGL003001_01 | W136: Not Scheduled | Y136: 2026/01/08 | Z136: 2026/01/31 | AA136: 0 | AB136: 20260318 | AC136: 102 | AD136: Week 11 | AE136: 2026-11 | AF136: 22190864 | AG136: 909 | AI136: 23 | AJ136: 2026/03/12 | AK136: 20260207 | AL136: 20260207 | AM136: 23 | AN136: 3244 | AO136: 46053.812 | AP136: 46060 | AQ136: 46060 | AR136: 2026/03/12 | AS136: 23 | AT136: P3A1 | AU136: 909 | AV136: e519a11ebf634ab69b0a4744a60039a5 | AW136: 909
A137: QCO | B137: 917 | C137: MT TRL VST 5L | D137: F2515BA1310U-M | E137: MT TRL VST 5L | F137: JN1250-BLACK-SS27 | G137: P3A1 | H137: 2026 | I137: W06 | J137: 619 | K137: 917 | L137: 82 | M137: P3A1 | N137: LINE17 | O137: AD-ADI-B181 | P137: Sample Order | R137: ADIA935 | S137: RGL | T137: 004 | U137: 001 | V137: P_ADI-B181_1_ADIA935RGL004001_01 | W137: Not Scheduled | Y137: 2026/01/08 | Z137: 2026/01/31 | AA137: 0 | AB137: 20260317 | AC137: 61 | AD137: Week 11 | AE137: 2026-11 | AF137: 22190864 | AG137: 917 | AI137: 21 | AJ137: 2026/03/12 | AK137: 20260203 | AL137: 20260203 | AM137: 21 | AN137: 3254 | AO137: 46053.813 | AP137: 46056 | AQ137: 46056 | AR137: 2026/03/12 | AS137: 21 | AT137: P3A1 | AU137: 917 | AV137: e519a11ebf634ab69b0a4744a60039a5 | AW137: 917
... A268: QCO | B268: 1398 | C268: MINI WMS BAG | D268: F2615BA003GL | E268: MINI WMS BAG | F268: KQ6701-MAGIC MAUVE S22-FW26 | G268: P3A1 | H268: 2026 | I268: W06 | J268: 1398 | K268: 1398 | L268: 279 | M268: P3A1 | N268: 2 | O268: AD-ADI-B210 | P268: Main Order | R268: ADIB215 | S268: RGL | T268: 002 | U268: 004 | V268: P_ADI-B210_2_ADIB215RGL002004_01 | W268: Not Scheduled | Y268: 2026/01/24 | Z268: 2026/01/31 | AA268: 0 | AB268: 20260321 | AC268: 259 | AD268: Week 11 | AE268: 2026-11 | AF268: 22190864 | AG268: 1398 | AI268: 486 | AJ268: 2026/08/15 | AK268: 20260318 | AL268: 20260319 | AM268: 486 | AN268: 4033 | AO268: 46053.822 | AP268: 46099 | AQ268: 46100 | AR268: 2026/08/15 | AS268: 486 | AT268: P3A1 | AU268: 1398 | AV268: e519a11ebf634ab69b0a4744a60039a5 | AW268: 1398

Sheet Sheet2
A1: QCOSOURCE | B1: RANKING | C1: STYLENAME | D1: BUYERSTYLECODE | E1: BUYERSTYLENAME | F1: STYLECOLORWAYS | G1: QCOFACTORY | H1: QCOYEAR | I1: QCOWEEKNO | J1: QCORANK | K1: CUSTOMRANKING | L1: PRECUSTOMRANK | M1: FACTORY | N1: LINENO | O1: AONO | P1: ADTYPENAME | Q1: BUYER | R1: STYLECODE | S1: STYLESIZE | T1: STYLECOLORSERIAL | U1: REVNO | V1: PRDPKG | W1: MES_SCHEDULING_STATUS | X1: PACKAGEGROUP | Y1: CONFIRMDATE_FACTORY | Z1: CREATEDATE | AA1: NORMALIZEDPERCENT | AB1: QCOSTARTDATE | AC1: CHANGEQCORANK | AD1: REASON | AE1: PRDWEEK | AF1: PREVIOUSCHANGEBY | AG1: PREVIOUSCHANGEQCORANK | AH1: PREVIOUSREASON | AI1: PLANQTY | AJ1: DELIVERYDATE | AK1: PRDSDAT | AL1: PRDEDAT | AM1: ORDQTY | AN1: QCORANKINGNEW | AO1: LATESTQCOTIME | AP1: AOPRDSDAT | AQ1: AOPRDEDAT | AR1: AODELIVERYDATE | AS1: AOPLANQTY | AT1: CHANGEFACTORY | AU1: CHANGEQCORANKSHOW | AV1: QCOVERSION | AW1: MYROWSEQ | AX1: check
A2: =IF(QCO!A1=Sheet1!A1,"","false") | B2: =IF(QCO!B1=Sheet1!B1,"","false") | C2: =IF(QCO!C1=Sheet1!C1,"","false") | D2: =IF(QCO!D1=Sheet1!D1,"","false") | E2: =IF(QCO!E1=Sheet1!E1,"","false") | F2: =IF(QCO!F1=Sheet1!F1,"","false") | G2: =IF(QCO!G1=Sheet1!G1,"","false") | H2: =IF(QCO!H1=Sheet1!H1,"","false") | ... AX2: =IF(QCO!AX1=Sheet1!AX1,"","false")
A3: =IF(QCO!A2=Sheet1!A2,"","false") | B3: =IF(QCO!B2=Sheet1!B2,"","false") -> false | C3: =IF(QCO!C2=Sheet1!C2,"","false") -> false | D3: =IF(QCO!D2=Sheet1!D2,"","false") -> false | E3: =IF(QCO!E2=Sheet1!E2,"","false") -> false | F3: =IF(QCO!F2=Sheet1!F2,"","false") -> false | G3: =IF(QCO!G2=Sheet1!G2,"","false") | H3: =IF(QCO!H2=Sheet1!H2,"","false") | ... AX3: =IF(QCO!AX2=Sheet1!AX2,"","false")
A4: =IF(QCO!A3=Sheet1!A3,"","false") | B4: =IF(QCO!B3=Sheet1!B3,"","false") -> false | C4: =IF(QCO!C3=Sheet1!C3,"","false") -> false | D4: =IF(QCO!D3=Sheet1!D3,"","false") -> false | E4: =IF(QCO!E3=Sheet1!E3,"","false") -> false | F4: =IF(QCO!F3=Sheet1!F3,"","false") -> false | G4: =IF(QCO!G3=Sheet1!G3,"","false") | H4: =IF(QCO!H3=Sheet1!H3,"","false") | ... AX4: =IF(QCO!AX3=Sheet1!AX3,"","false")
A5: =IF(QCO!A4=Sheet1!A4,"","false") | B5: =IF(QCO!B4=Sheet1!B4,"","false") -> false | C5: =IF(QCO!C4=Sheet1!C4,"","false") -> false | D5: =IF(QCO!D4=Sheet1!D4,"","false") -> false | E5: =IF(QCO!E4=Sheet1!E4,"","false") -> false | F5: =IF(QCO!F4=Sheet1!F4,"","false") -> false | G5: =IF(QCO!G4=Sheet1!G4,"","false") | H5: =IF(QCO!H4=Sheet1!H4,"","false") | ... AX5: =IF(QCO!AX4=Sheet1!AX4,"","false")
A6: =IF(QCO!A5=Sheet1!A5,"","false") | B6: =IF(QCO!B5=Sheet1!B5,"","false") -> false | C6: =IF(QCO!C5=Sheet1!C5,"","false") -> false | D6: =IF(QCO!D5=Sheet1!D5,"","false") -> false | E6: =IF(QCO!E5=Sheet1!E5,"","false") -> false | F6: =IF(QCO!F5=Sheet1!F5,"","false") -> false | G6: =IF(QCO!G5=Sheet1!G5,"","false") | H6: =IF(QCO!H5=Sheet1!H5,"","false") | ... AX6: =IF(QCO!AX5=Sheet1!AX5,"","false")
A7: =IF(QCO!A6=Sheet1!A6,"","false") | B7: =IF(QCO!B6=Sheet1!B6,"","false") -> false | C7: =IF(QCO!C6=Sheet1!C6,"","false") -> false | D7: =IF(QCO!D6=Sheet1!D6,"","false") -> false | E7: =IF(QCO!E6=Sheet1!E6,"","false") -> false | F7: =IF(QCO!F6=Sheet1!F6,"","false") -> false | G7: =IF(QCO!G6=Sheet1!G6,"","false") | H7: =IF(QCO!H6=Sheet1!H6,"","false") | ... AX7: =IF(QCO!AX6=Sheet1!AX6,"","false")
A8: =IF(QCO!A7=Sheet1!A7,"","false") | B8: =IF(QCO!B7=Sheet1!B7,"","false") -> false | C8: =IF(QCO!C7=Sheet1!C7,"","false") -> false | D8: =IF(QCO!D7=Sheet1!D7,"","false") -> false | E8: =IF(QCO!E7=Sheet1!E7,"","false") -> false | F8: =IF(QCO!F7=Sheet1!F7,"","false") -> false | G8: =IF(QCO!G7=Sheet1!G7,"","false") | H8: =IF(QCO!H7=Sheet1!H7,"","false") | ... AX8: =IF(QCO!AX7=Sheet1!AX7,"","false")
A9: =IF(QCO!A8=Sheet1!A8,"","false") | B9: =IF(QCO!B8=Sheet1!B8,"","false") -> false | C9: =IF(QCO!C8=Sheet1!C8,"","false") -> false | D9: =IF(QCO!D8=Sheet1!D8,"","false") -> false | E9: =IF(QCO!E8=Sheet1!E8,"","false") -> false | F9: =IF(QCO!F8=Sheet1!F8,"","false") -> false | G9: =IF(QCO!G8=Sheet1!G8,"","false") | H9: =IF(QCO!H8=Sheet1!H8,"","false") | ... AX9: =IF(QCO!AX8=Sheet1!AX8,"","false")
A10: =IF(QCO!A9=Sheet1!A9,"","false") | B10: =IF(QCO!B9=Sheet1!B9,"","false") -> false | C10: =IF(QCO!C9=Sheet1!C9,"","false") -> false | D10: =IF(QCO!D9=Sheet1!D9,"","false") -> false | E10: =IF(QCO!E9=Sheet1!E9,"","false") -> false | F10: =IF(QCO!F9=Sheet1!F9,"","false") -> false | G10: =IF(QCO!G9=Sheet1!G9,"","false") | H10: =IF(QCO!H9=Sheet1!H9,"","false") | ... AX10: =IF(QCO!AX9=Sheet1!AX9,"","false")
A11: =IF(QCO!A10=Sheet1!A10,"","false") | B11: =IF(QCO!B10=Sheet1!B10,"","false") -> false | C11: =IF(QCO!C10=Sheet1!C10,"","false") -> false | D11: =IF(QCO!D10=Sheet1!D10,"","false") -> false | E11: =IF(QCO!E10=Sheet1!E10,"","false") -> false | F11: =IF(QCO!F10=Sheet1!F10,"","false") -> false | G11: =IF(QCO!G10=Sheet1!G10,"","false") | H11: =IF(QCO!H10=Sheet1!H10,"","false") | ... AX11: =IF(QCO!AX10=Sheet1!AX10,"","false")
A12: =IF(QCO!A11=Sheet1!A11,"","false") | B12: =IF(QCO!B11=Sheet1!B11,"","false") -> false | C12: =IF(QCO!C11=Sheet1!C11,"","false") -> false | D12: =IF(QCO!D11=Sheet1!D11,"","false") -> false | E12: =IF(QCO!E11=Sheet1!E11,"","false") -> false | F12: =IF(QCO!F11=Sheet1!F11,"","false") -> false | G12: =IF(QCO!G11=Sheet1!G11,"","false") | H12: =IF(QCO!H11=Sheet1!H11,"","false") | ... AX12: =IF(QCO!AX11=Sheet1!AX11,"","false")
A13: =IF(QCO!A12=Sheet1!A12,"","false") | B13: =IF(QCO!B12=Sheet1!B12,"","false") -> false | C13: =IF(QCO!C12=Sheet1!C12,"","false") -> false | D13: =IF(QCO!D12=Sheet1!D12,"","false") -> false | E13: =IF(QCO!E12=Sheet1!E12,"","false") -> false | F13: =IF(QCO!F12=Sheet1!F12,"","false") -> false | G13: =IF(QCO!G12=Sheet1!G12,"","false") | H13: =IF(QCO!H12=Sheet1!H12,"","false") | ... AX13: =IF(QCO!AX12=Sheet1!AX12,"","false")
... A2658: =IF(QCO!A2657=Sheet1!A2657,"","false") | B2658: =IF(QCO!B2657=Sheet1!B2657,"","false") | C2658: =IF(QCO!C2657=Sheet1!C2657,"","false") | D2658: =IF(QCO!D2657=Sheet1!D2657,"","false") | E2658: =IF(QCO!E2657=Sheet1!E2657,"","false") | F2658: =IF(QCO!F2657=Sheet1!F2657,"","false") | G2658: =IF(QCO!G2657=Sheet1!G2657,"","false") | H2658: =IF(QCO!H2657=Sheet1!H2657,"","false") | ... AX2658: =IF(QCO!AX2657=Sheet1!AX2657,"","false")
